sequence_id	position	modification
tRNA_29	21	pD
tRNA_29	38	pm1G
tRNA_29	47	pm7G
tRNA_29	55	pm5U
tRNA_29	56	pY
tRNA_414	10	pm2G
tRNA_414	16	pD
tRNA_414	17	pD
tRNA_414	26	pm2,2G
tRNA_414	27	pY
tRNA_414	28	pY
tRNA_414	32	pCm
tRNA_414	34	pGm
tRNA_414	37	pm1G
tRNA_414	39	pY
tRNA_414	46	pm7G
tRNA_414	47	pD
tRNA_414	48	pm5C
tRNA_414	54	pm5U
tRNA_414	55	pY
tRNA_414	58	pm1A
tRNA_989	13	pCm
tRNA_989	18	pGm
tRNA_989	45	pm7G
tRNA_80	5	pAm
tRNA_80	14	pY
tRNA_80	17	pD
tRNA_80	18	pGm
tRNA_80	20	pD
tRNA_80	21	pD
tRNA_80	33	pY
tRNA_80	38	pm1G
tRNA_80	49	pm5C
tRNA_80	54	pm5U
tRNA_80	55	pY
tRNA_478	15	pG+
tRNA_478	28	pm2,2G
tRNA_478	39	pm1G
tRNA_478	41	pY
tRNA_478	59	pm5C
tRNA_478	65	pm1Y
tRNA_478	66	pY
tRNA_478	67	pCm
tRNA_478	68	pm1I
tRNA_519	19	pD
tRNA_519	33	pQ
tRNA_519	36	pt6A
tRNA_519	53	pm5U
tRNA_519	54	pY
tRNA_1412	7	ps4U
tRNA_1412	32	pm5C
tRNA_1412	54	pm5U
tRNA_1412	55	pY
tRNA_424	17	pGm
tRNA_424	19	pD
tRNA_424	33	xU
tRNA_424	38	pY
tRNA_424	52	pm5U
tRNA_424	53	pY
tRNA_374	10	pm2G
tRNA_374	17	pD
tRNA_374	26	pm2,2G
tRNA_374	32	pUm
tRNA_374	34	pI
tRNA_374	37	pm1I
tRNA_374	38	pY
tRNA_374	39	pGm
tRNA_374	40	pY
tRNA_374	46	pm7G
tRNA_374	49	pm5C
tRNA_374	55	pY
tRNA_374	58	pm1A
tRNA_616	15	pG+
tRNA_616	27	pm2,2G
tRNA_616	33	pCm
tRNA_616	35	pCm
tRNA_616	38	pm1G
tRNA_616	40	pUm
tRNA_616	49	pm5C
tRNA_616	55	pm1Y
tRNA_616	56	pY
tRNA_616	57	pCm
tRNA_616	58	pm1I
tRNA_1392	6	ps4U
tRNA_1392	31	pm5C
tRNA_1392	53	pm5U
tRNA_1392	54	pY
tRNA_914	13	pUm
tRNA_914	58	pm1A
tRNA_914	59	pm1A
tRNA_962	8	ps4U
tRNA_962	34	pmo5U
tRNA_962	37	pt6A
tRNA_962	46	pm7G
tRNA_2	17	pD
tRNA_2	46	pm7G
tRNA_2	54	pm5U
tRNA_2	55	pY
tRNA_546	9	pm1G
tRNA_546	10	pm2G
tRNA_546	13	pY
tRNA_546	19	pD
tRNA_546	20	pD
tRNA_546	34	pUm
tRNA_546	39	pY
tRNA_546	48	pm5C
tRNA_546	54	pY
tRNA_546	57	pm1A
tRNA_235	8	ps4U
tRNA_235	20	pD
tRNA_235	23	pm1A
tRNA_235	35	pcmnm5Um
tRNA_235	38	pm6A
tRNA_235	40	pY
tRNA_235	68	pY
tRNA_74	4	pCm
tRNA_74	9	pm1G
tRNA_74	13	pY
tRNA_74	16	pD
tRNA_74	19	pD
tRNA_74	31	pY
tRNA_74	37	pY
tRNA_74	46	pm5C
tRNA_74	51	pm5U
tRNA_74	52	pY
tRNA_558	15	pG+
tRNA_558	28	pm2G
tRNA_558	36	xU
tRNA_558	39	pm1G
tRNA_558	50	pm5C
tRNA_558	56	pm1Y
tRNA_558	57	pY
tRNA_558	58	pCm
tRNA_558	59	pm1I
tRNA_7	8	ps4U
tRNA_7	16	pD
tRNA_7	20	pD
tRNA_7	34	pQ
tRNA_7	37	pt6A
tRNA_7	39	pY
tRNA_7	46	pm7G
tRNA_7	54	pm5U
tRNA_7	55	pY
tRNA_722	9	pm1A
tRNA_722	23	pm2G
tRNA_722	25	pY
tRNA_722	31	ptm5s2U
tRNA_722	37	pY
tRNA_722	45	pm5C
tRNA_722	51	pY
tRNA_722	54	pm1A
tRNA_1403	6	ps4U
tRNA_1403	31	pm5C
tRNA_1403	53	pm5U
tRNA_1403	54	pY
tRNA_602	13	pY
tRNA_602	50	pm5C
tRNA_602	56	pm1Y
tRNA_602	57	pY
tRNA_602	58	pCm
tRNA_602	59	pm1I
tRNA_654	9	pm1G
tRNA_654	13	pY
tRNA_654	16	pD
tRNA_654	17	pD
tRNA_654	20	pD
tRNA_654	21	pD
tRNA_654	36	pY
tRNA_654	38	pi6A
tRNA_654	47	pm7G
tRNA_654	49	pm5C
tRNA_654	55	pm5U
tRNA_654	56	pY
tRNA_654	59	pm1A
tRNA_977	38	pms2i6A
tRNA_717	9	pm1A
tRNA_717	24	pY
tRNA_413	10	pm2G
tRNA_413	16	pD
tRNA_413	17	pD
tRNA_413	26	pm2,2G
tRNA_413	27	pY
tRNA_413	28	pY
tRNA_413	32	pCm
tRNA_413	34	pGm
tRNA_413	37	pm1G
tRNA_413	39	pY
tRNA_413	46	pm7G
tRNA_413	47	pD
tRNA_413	48	pm5C
tRNA_413	54	pm5U
tRNA_413	55	pY
tRNA_413	58	pm1A
tRNA_456	10	pm2G
tRNA_456	16	pD
tRNA_456	17	pD
tRNA_456	20	pD
tRNA_456	21	pD
tRNA_456	27	pm2,2G
tRNA_456	28	pY
tRNA_456	35	pI
tRNA_456	38	pt6A
tRNA_456	48	pD
tRNA_456	49	pm5C
tRNA_456	55	pm5U
tRNA_456	56	pY
tRNA_456	59	pm1A
tRNA_603	8	ps4U
tRNA_603	17	pD
tRNA_603	37	pm6A
tRNA_856	17	pGm
tRNA_856	19	pD
tRNA_856	36	pi6A
tRNA_856	38	pY
tRNA_856	53	pm5U
tRNA_856	54	pY
tRNA_388	10	pm2,2G
tRNA_388	13	pY
tRNA_388	37	xU
tRNA_388	40	pm1G
tRNA_388	51	pm5C
tRNA_388	56	pm1Y
tRNA_388	57	pY
tRNA_388	58	pCm
tRNA_388	59	pm1I
tRNA_555	10	pm2,2G
tRNA_555	13	pY
tRNA_555	38	pm1G
tRNA_555	52	pm5C
tRNA_555	54	pm1Y
tRNA_555	55	pY
tRNA_555	56	pCm
tRNA_555	57	pm1I
tRNA_802	10	pm1A
tRNA_802	30	pY
tRNA_802	37	pY
tRNA_1130	18	pD
tRNA_1130	52	pm5U
tRNA_1130	53	pY
tRNA_1209	9	pm1A
tRNA_1209	10	pm2G
tRNA_1209	23	pm2G
tRNA_1209	25	pY
tRNA_1209	31	ptm5s2U
tRNA_1209	37	pY
tRNA_1209	45	pm5C
tRNA_1209	51	pY
tRNA_1193	17	pD
tRNA_1193	48	pm5U
tRNA_1193	49	pY
tRNA_458	10	pm2G
tRNA_458	16	pD
tRNA_458	17	pD
tRNA_458	20	pD
tRNA_458	21	pD
tRNA_458	27	pm2,2G
tRNA_458	28	pY
tRNA_458	31	pY
tRNA_458	35	pI
tRNA_458	38	pt6A
tRNA_458	47	pm7G
tRNA_458	48	pD
tRNA_458	49	pm5C
tRNA_458	55	pm5U
tRNA_458	56	pY
tRNA_458	59	pm1A
tRNA_1268	10	pm2,2G
tRNA_1268	16	pD
tRNA_1268	17	pD
tRNA_1268	26	pm2,2G
tRNA_1268	32	pCm
tRNA_1268	34	pGm
tRNA_1268	37	pyW
tRNA_1268	39	pY
tRNA_1268	40	pm5C
tRNA_1268	46	pm7G
tRNA_1268	49	pm5C
tRNA_1268	54	pm5U
tRNA_1268	55	pY
tRNA_1268	58	pm1A
tRNA_679	10	pm2G
tRNA_679	12	pac4C
tRNA_679	16	pD
tRNA_679	19	pD
tRNA_679	21	pacp3U
tRNA_679	27	pm2,2G
tRNA_679	33	pYm
tRNA_679	35	pI
tRNA_679	38	pm1G
tRNA_679	39	pY
tRNA_679	45	pUm
tRNA_679	47	pY
tRNA_679	57	pm5C
tRNA_679	63	pm5U
tRNA_679	64	pY
tRNA_679	67	pm1A
tRNA_734	17	pD
tRNA_734	20	pD
tRNA_734	26	pm2,2G
tRNA_734	31	pY
tRNA_734	34	xU
tRNA_734	37	pi6A
tRNA_734	53	pm5U
tRNA_734	54	pY
tRNA_293	8	ps4U
tRNA_293	22	pD
tRNA_293	25	pm1A
tRNA_293	37	pmo5U
tRNA_293	40	pi6A
tRNA_293	70	pm5U
tRNA_293	71	pY
tRNA_245	17	pD
tRNA_245	37	pt6A
tRNA_245	39	pY
tRNA_245	46	pm7G
tRNA_245	55	pY
tRNA_1299	6	ps4U
tRNA_1299	15	pGm
tRNA_1299	17	pD
tRNA_1299	29	pUm
tRNA_1299	31	1RN
tRNA_1299	34	pm2A
tRNA_1299	35	pY
tRNA_1299	49	pm5U
tRNA_1299	50	pY
tRNA_1159	20	pD
tRNA_1159	32	pCm
tRNA_1159	54	pm5U
tRNA_1159	55	pY
tRNA_1359	6	ps4U
tRNA_1359	31	pm5C
tRNA_1359	53	pm5U
tRNA_1359	54	pY
tRNA_169	17	pD
tRNA_169	46	pm7G
tRNA_169	54	pm5U
tRNA_169	55	pY
tRNA_998	32	pm3C
tRNA_434	8	ps4U
tRNA_434	19	pD
tRNA_632	21	pD
tRNA_632	47	pm7G
tRNA_632	56	pY
tRNA_632	59	pm1A
tRNA_1409	6	ps4U
tRNA_1409	31	pm5C
tRNA_1409	53	pm5U
tRNA_1409	54	pY
tRNA_46	8	ps4U
tRNA_46	16	pD
tRNA_46	17	pD
tRNA_46	20	pD
tRNA_46	21	pD
tRNA_46	47	pm7G
tRNA_46	48	pacp3U
tRNA_46	55	pm5U
tRNA_46	56	pY
tRNA_1435	6	ps4U
tRNA_1435	31	pm5C
tRNA_1435	53	pm5U
tRNA_1435	54	pY
tRNA_1335	6	ps4U
tRNA_1335	31	pm5C
tRNA_1335	53	pm5U
tRNA_1335	54	pY
tRNA_448	7	pm2G
tRNA_448	14	pY
tRNA_448	17	pD
tRNA_448	20	pD
tRNA_448	21	pD
tRNA_448	33	pY
tRNA_448	35	pQ
tRNA_448	38	pm1G
tRNA_448	49	pm5C
tRNA_448	55	pY
tRNA_448	58	pm1A
tRNA_448	72	pm5C
tRNA_1214	9	pm1A
tRNA_1214	10	pm2G
tRNA_1214	19	pD
tRNA_1214	28	pY
tRNA_1214	34	pQ
tRNA_1214	37	pt6A
tRNA_1214	40	pY
tRNA_1214	54	pm5U
tRNA_1214	55	pY
tRNA_1218	9	pm1A
tRNA_1218	10	pm2G
tRNA_1218	30	pm3C
tRNA_1218	35	pt6A
tRNA_810	21	pY
tRNA_810	28	pm7G
tRNA_810	31	pt6A
tRNA_810	34	pY
tRNA_1271	9	pm2,2G
tRNA_1271	15	pD
tRNA_1271	16	pD
tRNA_1271	25	pm2,2G
tRNA_1271	31	pCm
tRNA_1271	33	pGm
tRNA_1271	36	pyyW
tRNA_1271	38	pY
tRNA_1271	39	pm5C
tRNA_1271	45	pm7G
tRNA_1271	48	pm5C
tRNA_1271	53	pm5U
tRNA_1271	54	pY
tRNA_1271	57	pm1A
tRNA_426	10	pm2G
tRNA_426	47	pm5C
tRNA_426	52	pm1Y
tRNA_426	53	pY
tRNA_426	54	pCm
tRNA_426	55	pm1I
tRNA_534	21	pD
tRNA_534	38	pm1G
tRNA_651	15	pG+
tRNA_651	33	pCm
tRNA_651	38	pm1G
tRNA_651	40	pY
tRNA_651	49	pm5C
tRNA_651	55	pm1Y
tRNA_651	56	pY
tRNA_651	57	pCm
tRNA_651	58	pm1I
tRNA_1016	2	pm5U
tRNA_1016	4	pm5U
tRNA_1016	6	pm5U
tRNA_1016	8	pm5U
tRNA_1016	16	pm5U
tRNA_1016	20	pm5U
tRNA_1016	21	pm5U
tRNA_1016	28	pm5U
tRNA_1016	29	pm5U
tRNA_1016	34	pm5U
tRNA_1016	36	pm5U
tRNA_1016	37	pm5U
tRNA_1016	48	pm5U
tRNA_1016	49	pm5U
tRNA_1016	52	pm5U
tRNA_1016	55	pm5U
tRNA_1016	56	pm5U
tRNA_1016	59	pm1A
tRNA_1459	6	ps4U
tRNA_1459	31	pm5C
tRNA_1459	53	pm5U
tRNA_1459	54	pY
tRNA_822	9	pm1A
tRNA_822	10	pm2G
tRNA_822	27	pY
tRNA_822	28	pY
tRNA_822	37	pt6A
tRNA_822	38	pY
tRNA_822	39	pY
tRNA_822	64	pY
tRNA_822	65	pY
tRNA_1320	8	ps4U
tRNA_1320	30	pY
tRNA_1320	35	pms2i6A
tRNA_1320	37	pY
tRNA_1320	44	pm7G
tRNA_1320	52	pm5U
tRNA_1320	53	pY
tRNA_1136	8	ps4U
tRNA_1136	16	pD
tRNA_1136	20	pD
tRNA_1136	21	pD
tRNA_1136	35	xG
tRNA_1136	38	pm2A
tRNA_1136	47	pm7G
tRNA_1136	55	pm5U
tRNA_1136	56	pY
tRNA_1136	66	pY
tRNA_728	17	pD
tRNA_728	21	pD
tRNA_728	22	N
tRNA_728	39	xA
tRNA_728	48	pm7G
tRNA_728	49	pacp3U
tRNA_728	56	pm5U
tRNA_728	57	pY
tRNA_316	21	pD
tRNA_316	55	pm5U
tRNA_316	56	pY
tRNA_255	21	pD
tRNA_255	33	pY
tRNA_255	35	pmo5U
tRNA_255	38	pm1G
tRNA_255	47	pm7G
tRNA_255	55	pm5U
tRNA_255	56	pY
tRNA_911	10	pCm
tRNA_911	17	pD
tRNA_995	47	pm3C
tRNA_831	16	pD
tRNA_831	19	pD
tRNA_831	31	pY
tRNA_831	33	pcmnm5U
tRNA_831	36	xA
tRNA_831	38	pY
tRNA_831	52	pm5U
tRNA_831	53	pY
tRNA_793	18	pD
tRNA_793	19	pGm
tRNA_793	21	pD
tRNA_793	39	pm1G
tRNA_793	40	pY
tRNA_793	48	pm7G
tRNA_793	56	pm5U
tRNA_793	57	pY
tRNA_963	38	pi6A
tRNA_376	10	pm2G
tRNA_376	17	pD
tRNA_376	20	pD
tRNA_376	26	pm2,2G
tRNA_376	32	pUm
tRNA_376	34	pI
tRNA_376	37	pm1I
tRNA_376	38	pY
tRNA_376	39	pGm
tRNA_376	46	pm7G
tRNA_376	55	pY
tRNA_376	58	pm1A
tRNA_1001	32	pm3C
tRNA_1001	47	pm3C
tRNA_1131	18	pD
tRNA_1131	52	pm5U
tRNA_1131	53	pY
tRNA_485	17	pD
tRNA_485	20	pD
tRNA_485	38	xA
tRNA_485	40	pY
tRNA_485	65	pm5U
tRNA_485	66	pY
tRNA_584	12	pac4C
tRNA_584	16	pD
tRNA_584	17	pGm
tRNA_584	19	pD
tRNA_584	20	pD
tRNA_584	26	pm2,2G
tRNA_584	28	pY
tRNA_584	32	pm3C
tRNA_584	34	pI
tRNA_584	37	pi6A
tRNA_584	39	pYm
tRNA_584	44	pUm
tRNA_584	50	pm3C
tRNA_584	57	pm5C
tRNA_584	63	pm5U
tRNA_584	64	pY
tRNA_584	67	pm1A
tRNA_753	9	pm1A
tRNA_753	27	pY
tRNA_753	37	pt6A
tRNA_753	39	pY
tRNA_1149	36	pt6A
tRNA_980	13	pCm
tRNA_980	17	pD
tRNA_980	38	pt6A
tRNA_980	47	pm7G
tRNA_521	10	pm2G
tRNA_521	16	pD
tRNA_521	19	pD
tRNA_521	20	pacp3U
tRNA_521	26	pm2,2G
tRNA_521	32	pCm
tRNA_521	34	pQ
tRNA_521	37	pt6A
tRNA_521	46	pm7G
tRNA_521	47	pD
tRNA_521	48	pm5C
tRNA_521	54	pm5U
tRNA_521	55	pY
tRNA_521	58	pm1A
tRNA_1357	6	ps4U
tRNA_1357	31	pm5C
tRNA_1357	53	pm5U
tRNA_1357	54	pY
tRNA_903	16	pD
tRNA_903	17	pD
tRNA_903	18	pGm
tRNA_903	35	pcmo5U
tRNA_903	38	pm1G
tRNA_903	39	pY
tRNA_903	63	pm5U
tRNA_903	64	pY
tRNA_967	21	pD
tRNA_967	59	pm1A
tRNA_953	46	pm7G
tRNA_762	18	pGm
tRNA_762	20	pD
tRNA_762	27	pY
tRNA_762	35	pUm
tRNA_762	38	xA
tRNA_762	40	pY
tRNA_762	66	pm5U
tRNA_762	67	pY
tRNA_854	2	pY
tRNA_854	9	pm1A
tRNA_854	24	pY
tRNA_854	25	pY
tRNA_854	28	pY
tRNA_854	29	pY
tRNA_854	31	pcmnm5s2U
tRNA_854	34	pm1G
tRNA_854	37	pY
tRNA_778	10	pm1A
tRNA_778	11	pm2G
tRNA_778	20	pD
tRNA_778	27	pY
tRNA_778	37	pm1G
tRNA_778	48	pm5C
tRNA_1275	20	pD
tRNA_929	6	pm1G
tRNA_929	13	pCm
tRNA_929	17	pD
tRNA_929	20	pD
tRNA_929	21	pD
tRNA_929	38	pt6A
tRNA_929	47	pm7G
tRNA_82	9	pm1G
tRNA_82	10	pm2G
tRNA_82	16	pD
tRNA_82	17	pD
tRNA_82	20	pD
tRNA_82	21	pD
tRNA_82	35	pI
tRNA_82	38	pt6A
tRNA_82	48	pD
tRNA_82	49	pm5C
tRNA_82	55	pm5U
tRNA_82	56	pY
tRNA_82	59	pm1A
tRNA_17	17	pD
tRNA_17	20	pD
tRNA_17	21	pD
tRNA_17	38	pt6A
tRNA_17	47	pm7G
tRNA_17	48	pacp3U
tRNA_17	55	pm5U
tRNA_17	56	pY
tRNA_17	66	pY
tRNA_157	18	pD
tRNA_157	21	pD
tRNA_157	29	pm2G
tRNA_157	30	pY
tRNA_157	40	pi6A
tRNA_157	66	pm5U
tRNA_157	67	pY
tRNA_1374	7	ps4U
tRNA_1374	29	pY
tRNA_1374	34	pms2i6A
tRNA_1374	36	pY
tRNA_1374	51	pm5U
tRNA_1374	52	pY
tRNA_108	12	pac4C
tRNA_108	16	pD
tRNA_108	17	pGm
tRNA_108	19	pD
tRNA_108	20	pD
tRNA_108	26	pm2,2G
tRNA_108	32	pm3C
tRNA_108	37	pi6A
tRNA_108	39	pY
tRNA_108	44	pUm
tRNA_108	57	pm5C
tRNA_108	63	pm5U
tRNA_108	64	pY
tRNA_909	8	ps4U
tRNA_909	19	pD
tRNA_909	33	pmnm5s2U
tRNA_767	18	pGm
tRNA_767	20	pD
tRNA_767	37	pm7G
tRNA_767	38	pm1G
tRNA_767	61	pm5U
tRNA_767	62	pY
tRNA_924	10	pm1G
tRNA_924	18	pD
tRNA_1132	13	pY
tRNA_1132	16	pD
tRNA_1132	19	pD
tRNA_1132	32	pY
tRNA_1132	37	pm1G
tRNA_1132	48	pm5C
tRNA_1132	53	pm5U
tRNA_1132	54	pY
tRNA_1267	9	pm2,2G
tRNA_1267	15	pD
tRNA_1267	16	pD
tRNA_1267	25	pm2,2G
tRNA_1267	31	pCm
tRNA_1267	33	pGm
tRNA_1267	36	pyW
tRNA_1267	38	pY
tRNA_1267	39	pm5C
tRNA_1267	45	pm7G
tRNA_1267	48	pm5C
tRNA_1267	53	pm5U
tRNA_1267	54	pY
tRNA_1267	57	pm1A
tRNA_459	15	pG+
tRNA_459	27	pm2,2G
tRNA_459	33	pCm
tRNA_459	35	xU
tRNA_459	38	pt6A
tRNA_459	49	pm5C
tRNA_459	55	pm1Y
tRNA_459	56	pY
tRNA_459	57	pCm
tRNA_459	58	pm1I
tRNA_1324	7	ps4U
tRNA_1324	32	pm5C
tRNA_1324	54	pm5U
tRNA_1324	55	pY
tRNA_3	8	ps4U
tRNA_3	17	pD
tRNA_3	21	pD
tRNA_3	33	ps2C
tRNA_3	35	pI
tRNA_3	38	pm2A
tRNA_3	47	pm7G
tRNA_3	48	pacp3U
tRNA_3	55	pm5U
tRNA_3	56	pY
tRNA_965	13	pCm
tRNA_965	17	pD
tRNA_965	20	pD
tRNA_965	46	pm7G
tRNA_965	58	pm1A
tRNA_179	21	pD
tRNA_179	38	pm1G
tRNA_179	58	pm5U
tRNA_179	59	pY
tRNA_825	9	pm1A
tRNA_825	10	pm2G
tRNA_825	24	pY
tRNA_550	9	pm1G
tRNA_550	13	pY
tRNA_550	16	pD
tRNA_550	17	pGm
tRNA_550	19	pD
tRNA_550	20	pD
tRNA_550	28	pY
tRNA_550	32	pCm
tRNA_550	39	pY
tRNA_550	48	pm5C
tRNA_550	49	pm5C
tRNA_550	53	pY
tRNA_550	54	pY
tRNA_550	57	pm1A
tRNA_814	23	pt6A
tRNA_814	43	pm1A
tRNA_595	13	pY
tRNA_595	15	pG+
tRNA_595	25	pm2,2G
tRNA_595	36	pt6A
tRNA_595	47	pm5C
tRNA_595	48	pm5C
tRNA_595	53	pm1Y
tRNA_595	54	pY
tRNA_595	55	pCm
tRNA_595	56	pm1I
tRNA_1317	8	ps4U
tRNA_1317	32	pY
tRNA_1317	37	pms2i6A
tRNA_1317	39	pY
tRNA_1317	46	pm7G
tRNA_1317	54	pm5U
tRNA_1317	55	pY
tRNA_897	9	pm1G
tRNA_897	10	pm2G
tRNA_897	24	pY
tRNA_897	30	pQ
tRNA_897	33	pms2i6A
tRNA_897	35	pY
tRNA_897	50	pY
tRNA_210	35	pk2C
tRNA_210	38	pt6A
tRNA_210	47	pm7G
tRNA_210	55	pm5U
tRNA_210	56	pY
tRNA_1192	52	pm5U
tRNA_1192	53	pY
tRNA_939	8	ps4U
tRNA_939	20	pD
tRNA_939	21	pD
tRNA_939	38	pt6A
tRNA_939	47	pm7G
tRNA_60	10	pm2G
tRNA_60	16	pD
tRNA_60	17	pD
tRNA_60	20	pD
tRNA_60	21	pD
tRNA_60	27	pm2,2G
tRNA_60	38	pt6A
tRNA_60	40	pY
tRNA_60	48	pD
tRNA_60	49	pm5C
tRNA_60	55	pm5U
tRNA_60	56	pY
tRNA_60	59	pm1A
tRNA_896	9	pm1A
tRNA_896	10	pm2G
tRNA_896	24	pY
tRNA_896	34	pm1G
tRNA_832	19	pGm
tRNA_832	21	pD
tRNA_832	27	pm2,2G
tRNA_832	32	pY
tRNA_832	35	pCm
tRNA_832	38	xA
tRNA_832	47	pm7G
tRNA_832	48	N
tRNA_832	55	pm5U
tRNA_832	56	pY
tRNA_649	9	pm1G
tRNA_649	10	pm2G
tRNA_649	25	pm2G
tRNA_649	36	pt6A
tRNA_649	45	pm7G
tRNA_649	46	pD
tRNA_649	47	pm5C
tRNA_649	57	pm1A
tRNA_648	9	pm1G
tRNA_648	10	pm2G
tRNA_648	36	pt6A
tRNA_648	45	pm7G
tRNA_648	46	pD
tRNA_648	47	pm5C
tRNA_648	54	pY
tRNA_648	57	pm1A
tRNA_1273	10	pm2,2G
tRNA_1273	16	pD
tRNA_1273	17	pD
tRNA_1273	26	pm2,2G
tRNA_1273	32	pCm
tRNA_1273	34	pGm
tRNA_1273	37	pyyW
tRNA_1273	39	pY
tRNA_1273	40	pm5C
tRNA_1273	46	pm7G
tRNA_1273	49	pm5C
tRNA_1273	54	pm5U
tRNA_1273	55	pY
tRNA_1273	58	pm1A
tRNA_1386	8	ps4U
tRNA_1386	29	pY
tRNA_1386	34	pms2i6A
tRNA_1386	36	pY
tRNA_1386	43	pm7G
tRNA_1386	51	pm5U
tRNA_1386	52	pY
tRNA_1269	10	pm2,2G
tRNA_1269	16	pD
tRNA_1269	17	pD
tRNA_1269	26	pm2,2G
tRNA_1269	32	pCm
tRNA_1269	34	pGm
tRNA_1269	37	pyW
tRNA_1269	39	pY
tRNA_1269	40	pm5C
tRNA_1269	46	pm7G
tRNA_1269	49	pm5C
tRNA_1269	54	pm5U
tRNA_1269	55	pY
tRNA_1269	58	pm1A
tRNA_562	9	pm1G
tRNA_562	10	pm2G
tRNA_562	16	pD
tRNA_562	20	pD
tRNA_562	27	pY
tRNA_562	32	pm3C
tRNA_562	37	pt6A
tRNA_562	47	pD
tRNA_562	50	pY
tRNA_562	54	pm5U
tRNA_562	55	pY
tRNA_562	58	pm1A
tRNA_562	72	pY
tRNA_1347	38	pY
tRNA_994	47	pm3C
tRNA_1385	7	ps4U
tRNA_1385	29	pY
tRNA_1385	34	pms2i6A
tRNA_1385	36	pY
tRNA_1385	43	pm7G
tRNA_1385	51	pm5U
tRNA_1385	52	pY
tRNA_791	10	xG
tRNA_791	19	pGm
tRNA_791	21	pD
tRNA_791	27	pY
tRNA_791	28	pY
tRNA_791	33	pY
tRNA_791	35	xU
tRNA_791	38	xA
tRNA_791	39	pY
tRNA_791	47	pm7G
tRNA_791	55	pm5U
tRNA_791	56	pY
tRNA_916	4	pm1G
tRNA_916	13	pCm
tRNA_916	17	pD
tRNA_916	20	pD
tRNA_1360	7	ps4U
tRNA_1360	32	pm5C
tRNA_1360	54	pm5U
tRNA_1360	55	pY
tRNA_713	9	pm1A
tRNA_713	25	pY
tRNA_713	26	pY
tRNA_713	35	pt6A
tRNA_713	62	pY
tRNA_713	63	pY
tRNA_941	37	pt6A
tRNA_941	46	pm7G
tRNA_1404	7	ps4U
tRNA_1404	32	pm5C
tRNA_1404	54	pm5U
tRNA_1404	55	pY
tRNA_417	10	pm2G
tRNA_417	14	pm1A
tRNA_417	16	pD
tRNA_417	17	pD
tRNA_417	26	pm2,2G
tRNA_417	27	pY
tRNA_417	28	pY
tRNA_417	32	pCm
tRNA_417	34	pGm
tRNA_417	37	po2yW
tRNA_417	39	pY
tRNA_417	46	pm7G
tRNA_417	47	pD
tRNA_417	49	pm5C
tRNA_417	54	pm5U
tRNA_417	55	pY
tRNA_417	58	pm1A
tRNA_1455	7	ps4U
tRNA_1455	29	pY
tRNA_1455	34	pms2i6A
tRNA_1455	36	pY
tRNA_1455	43	pm7G
tRNA_1455	51	pm5U
tRNA_1455	52	pY
tRNA_999	32	pm3C
tRNA_623	13	pY
tRNA_623	15	pG+
tRNA_623	56	pm1Y
tRNA_623	57	pY
tRNA_623	58	pCm
tRNA_623	59	pm1I
tRNA_244	17	pD
tRNA_244	20	pD
tRNA_244	34	pcmnm5s2U
tRNA_244	37	pms2t6A
tRNA_244	39	pY
tRNA_244	46	pm7G
tRNA_244	54	pm5U
tRNA_244	55	pY
tRNA_672	39	pi6A
tRNA_672	68	pY
tRNA_672	71	pm1A
tRNA_1319	7	ps4U
tRNA_1319	31	pY
tRNA_1319	36	pms2i6A
tRNA_1319	38	pY
tRNA_1319	45	pm7G
tRNA_1319	53	pm5U
tRNA_1319	54	pY
tRNA_1405	6	ps4U
tRNA_1405	31	pm5C
tRNA_1405	53	pm5U
tRNA_1405	54	pY
tRNA_744	17	pGm
tRNA_744	19	pD
tRNA_744	20	pD
tRNA_744	26	pm2,2G
tRNA_744	34	xC
tRNA_744	37	pt6A
tRNA_744	39	pY
tRNA_744	40	pY
tRNA_744	55	pm5U
tRNA_744	56	pY
tRNA_987	13	pCm
tRNA_987	18	pGm
tRNA_987	45	pm7G
tRNA_514	6	pm2G
tRNA_514	10	pm2G
tRNA_514	16	pD
tRNA_514	20	pD
tRNA_514	26	pm2,2G
tRNA_514	27	pY
tRNA_514	31	pY
tRNA_514	34	pCm
tRNA_514	37	pt6A
tRNA_514	39	pY
tRNA_514	46	pm7G
tRNA_514	47	pD
tRNA_514	48	pm5C
tRNA_514	54	pm5U
tRNA_514	55	pY
tRNA_514	58	pm1A
tRNA_640	9	pm1G
tRNA_640	10	pm2G
tRNA_640	25	pm2,2G
tRNA_640	27	pY
tRNA_640	36	pt6A
tRNA_640	45	pm7G
tRNA_640	46	pD
tRNA_640	47	pm5C
tRNA_640	48	xC
tRNA_640	54	pY
tRNA_640	57	pm1A
tRNA_640	63	N
tRNA_783	8	pY
tRNA_783	17	pD
tRNA_783	18	pGm
tRNA_783	32	pY
tRNA_783	33	pY
tRNA_783	38	pm2A
tRNA_783	47	pm7G
tRNA_783	48	pD
tRNA_783	55	pm5U
tRNA_783	56	pY
tRNA_1146	8	ps4U
tRNA_1146	21	pD
tRNA_1146	33	pCm
tRNA_1146	55	pm5U
tRNA_1146	56	pY
tRNA_841	9	pm1A
tRNA_841	24	pY
tRNA_841	25	pY
tRNA_841	34	pt6A
tRNA_841	61	pY
tRNA_841	62	pY
tRNA_837	19	pGm
tRNA_837	21	pD
tRNA_837	47	pm7G
tRNA_837	55	pm5U
tRNA_837	56	pY
tRNA_575	12	pac4C
tRNA_575	16	pD
tRNA_575	17	pGm
tRNA_575	19	pD
tRNA_575	20	pD
tRNA_575	26	pm2,2G
tRNA_575	32	pm3C
tRNA_575	37	pi6A
tRNA_575	39	pY
tRNA_575	44	pUm
tRNA_575	56	pm5C
tRNA_575	62	pm5U
tRNA_575	63	pY
tRNA_575	66	pm1A
tRNA_1356	7	ps4U
tRNA_1356	32	pm5C
tRNA_1356	54	pm5U
tRNA_1356	55	pY
tRNA_613	13	pY
tRNA_613	16	pD
tRNA_613	19	pD
tRNA_613	20	pD
tRNA_613	26	pm2G
tRNA_613	27	pY
tRNA_613	32	pCm
tRNA_613	34	pI
tRNA_613	38	pm5C
tRNA_613	46	pm7G
tRNA_613	47	pD
tRNA_613	48	pm5C
tRNA_613	49	pm5C
tRNA_613	55	pY
tRNA_613	58	pm1A
tRNA_1315	7	ps4U
tRNA_1315	31	pY
tRNA_1315	36	pms2i6A
tRNA_1315	38	pY
tRNA_1315	45	pm7G
tRNA_1315	53	pm5U
tRNA_1315	54	pY
tRNA_33	10	ps4U
tRNA_33	20	pD
tRNA_33	38	pi6A
tRNA_33	72	pm5U
tRNA_33	73	pY
tRNA_408	10	pm2G
tRNA_408	16	pD
tRNA_408	17	pD
tRNA_408	26	pm2,2G
tRNA_408	27	pY
tRNA_408	32	pCm
tRNA_408	34	pGm
tRNA_408	37	po2yW
tRNA_408	39	pY
tRNA_408	46	pm7G
tRNA_408	47	pD
tRNA_408	54	pm5U
tRNA_408	55	pY
tRNA_408	58	pm1A
tRNA_821	20	pD
tRNA_821	54	pm5U
tRNA_821	55	pY
tRNA_1333	6	ps4U
tRNA_1333	31	pm5C
tRNA_1333	53	pm5U
tRNA_1333	54	pY
tRNA_302	8	ps4U
tRNA_302	37	pt6A
tRNA_302	39	pY
tRNA_302	46	pm7G
tRNA_302	55	pY
tRNA_299	8	ps4U
tRNA_299	17	pD
tRNA_299	20	pD
tRNA_299	37	pt6A
tRNA_299	39	pY
tRNA_299	46	pm7G
tRNA_299	55	pY
tRNA_38	16	pD
tRNA_38	17	pD
tRNA_38	20	pD
tRNA_38	37	pm6t6A
tRNA_38	46	pm7G
tRNA_38	54	pm5U
tRNA_38	55	pY
tRNA_482	15	pG+
tRNA_482	27	pm2,2G
tRNA_482	35	pmo5U
tRNA_482	38	pm1G
tRNA_482	58	pm5C
tRNA_482	64	pm1Y
tRNA_482	65	pY
tRNA_482	66	pCm
tRNA_593	13	pY
tRNA_593	25	pm2,2G
tRNA_593	36	pt6A
tRNA_593	48	pm5C
tRNA_593	49	pm5C
tRNA_593	53	pm1Y
tRNA_593	54	pY
tRNA_593	55	pCm
tRNA_593	56	pm1I
tRNA_585	12	pac4C
tRNA_585	16	pD
tRNA_585	17	pGm
tRNA_585	19	pD
tRNA_585	20	pD
tRNA_585	26	pm2,2G
tRNA_585	28	pY
tRNA_585	32	pm3C
tRNA_585	37	pm6t6A
tRNA_585	39	pY
tRNA_585	44	pUm
tRNA_585	46	pY
tRNA_585	50	pm3C
tRNA_585	57	pm5C
tRNA_585	63	pm5U
tRNA_585	64	pY
tRNA_585	67	pm1A
tRNA_436	34	xU
tRNA_436	53	pm5U
tRNA_436	54	pY
tRNA_404	10	pm2G
tRNA_404	14	xA
tRNA_404	16	pD
tRNA_404	17	pD
tRNA_404	26	pm2,2G
tRNA_404	27	pY
tRNA_404	32	pCm
tRNA_404	34	pGm
tRNA_404	37	pyW
tRNA_404	39	pY
tRNA_404	40	pm5C
tRNA_404	46	pm7G
tRNA_404	47	pD
tRNA_404	48	pm5C
tRNA_404	54	pm5U
tRNA_404	55	pY
tRNA_404	58	pm1A
tRNA_432	19	pD
tRNA_432	52	pm5U
tRNA_432	53	pY
tRNA_49	8	ps4U
tRNA_49	21	pD
tRNA_49	33	pCm
tRNA_49	55	pm5U
tRNA_49	56	pY
tRNA_636	9	pm1G
tRNA_636	25	pm2,2G
tRNA_636	27	N
tRNA_636	36	pt6A
tRNA_636	45	pm7G
tRNA_636	46	pD
tRNA_636	57	pm1A
tRNA_636	63	xG
tRNA_1010	32	pm3C
tRNA_1010	47	pm3C
tRNA_21	16	pD
tRNA_21	17	pD
tRNA_21	18	pGm
tRNA_21	20	pD
tRNA_21	38	pm1G
tRNA_21	39	pY
tRNA_21	41	pY
tRNA_21	65	pm5U
tRNA_21	66	pY
tRNA_501	10	pm2G
tRNA_501	12	pac4C
tRNA_501	19	pD
tRNA_501	21	pY
tRNA_501	27	pm2,2G
tRNA_501	33	pYm
tRNA_501	35	pI
tRNA_501	38	pm1G
tRNA_501	40	pY
tRNA_501	47	pY
tRNA_501	49	pY
tRNA_501	57	pm5C
tRNA_501	63	pm5U
tRNA_501	64	pY
tRNA_501	67	pm1A
tRNA_788	24	pY
tRNA_788	31	pf5C
tRNA_788	50	pm5U
tRNA_788	51	pY
tRNA_1313	7	ps4U
tRNA_1313	29	pY
tRNA_1313	34	pms2i6A
tRNA_1313	36	pY
tRNA_1313	43	pm7G
tRNA_1313	51	pm5U
tRNA_1313	52	pY
tRNA_1408	7	ps4U
tRNA_1408	32	pm5C
tRNA_1408	54	pm5U
tRNA_1408	55	pY
tRNA_499	7	pm2G
tRNA_499	11	pm2G
tRNA_499	13	pac4C
tRNA_499	20	pD
tRNA_499	22	pY
tRNA_499	28	pm2,2G
tRNA_499	36	xC
tRNA_499	39	xG
tRNA_499	40	pY
tRNA_499	41	pY
tRNA_499	46	xU
tRNA_499	47	pY
tRNA_499	58	pm5C
tRNA_499	64	pm5U
tRNA_499	65	pY
tRNA_499	68	pm1A
tRNA_1366	6	ps4U
tRNA_1366	31	pm5C
tRNA_1366	53	pm5U
tRNA_1366	54	pY
tRNA_1312	83	pA2'3'cp
tRNA_461	10	pm2G
tRNA_461	16	pD
tRNA_461	17	pD
tRNA_461	26	pm2,2G
tRNA_461	37	pt6A
tRNA_461	46	pm1G
tRNA_461	47	pD
tRNA_461	48	pm5C
tRNA_461	54	pm5U
tRNA_461	55	pY
tRNA_461	58	pm1A
tRNA_461	69	pY
tRNA_1449	5	ps4U
tRNA_1449	9	ps4U
tRNA_1449	11	pm2,2G
tRNA_1449	14	pY
tRNA_1449	16	pG+
tRNA_1449	18	pCm
tRNA_1449	29	pm2,2G
tRNA_1449	35	pCm
tRNA_1449	37	pUm
tRNA_1449	50	xX
tRNA_1449	51	pm5C
tRNA_1449	52	pm5C
tRNA_1449	57	ps2U
tRNA_1449	58	pY
tRNA_1449	59	pCm
tRNA_1449	60	pm1I
tRNA_1449	61	pm1A
tRNA_429	10	pm2G
tRNA_429	33	xU
tRNA_429	47	pm5C
tRNA_429	52	pm1Y
tRNA_429	53	pY
tRNA_429	54	pCm
tRNA_308	8	ps4U
tRNA_308	23	pm1A
tRNA_308	35	pQ
tRNA_308	38	pms2i6A
tRNA_308	40	pY
tRNA_308	63	pm5U
tRNA_308	64	pY
tRNA_466	10	pm2G
tRNA_466	16	pD
tRNA_466	20	pD
tRNA_466	27	pY
tRNA_466	37	pt6A
tRNA_466	39	pY
tRNA_466	46	pm7G
tRNA_466	47	pD
tRNA_466	48	pm5C
tRNA_466	54	pm5Um
tRNA_466	55	pY
tRNA_466	58	pm1A
tRNA_738	9	pm1A
tRNA_738	23	pY
tRNA_738	25	pY
tRNA_738	30	pY
tRNA_738	37	pY
tRNA_1456	8	ps4U
tRNA_1456	29	pY
tRNA_1456	34	pms2i6A
tRNA_1456	36	pY
tRNA_1456	43	pm7G
tRNA_1456	51	pm5U
tRNA_1456	52	pY
tRNA_926	13	pm1A
tRNA_93	10	pm2G
tRNA_93	12	pac4C
tRNA_93	16	pD
tRNA_93	17	pGm
tRNA_93	19	pD
tRNA_93	21	pD
tRNA_93	27	pm2,2G
tRNA_93	33	pCm
tRNA_93	35	xU
tRNA_93	38	pm1G
tRNA_93	40	pY
tRNA_93	59	pm5C
tRNA_93	65	pm5U
tRNA_93	66	pY
tRNA_93	69	pm1A
tRNA_729	17	pD
tRNA_729	18	pGm
tRNA_729	20	pD
tRNA_729	37	N
tRNA_729	39	pY
tRNA_729	46	pm7G
tRNA_729	47	pacp3U
tRNA_729	54	pm5U
tRNA_729	55	pY
tRNA_124	10	pm2G
tRNA_124	16	pD
tRNA_124	17	pD
tRNA_124	18	pGm
tRNA_124	20	pD
tRNA_124	21	pD
tRNA_124	22	pD
tRNA_124	28	pm2,2G
tRNA_124	37	pY
tRNA_124	39	pi6A
tRNA_124	41	pY
tRNA_124	49	pD
tRNA_124	50	pm5C
tRNA_124	56	pm5U
tRNA_124	57	pY
tRNA_124	60	pm1A
tRNA_198	8	ps4U
tRNA_198	19	pD
tRNA_198	36	pm6A
tRNA_198	53	pY
tRNA_159	16	pD
tRNA_159	20	pD
tRNA_159	38	pm1G
tRNA_159	54	pm5U
tRNA_159	55	pY
tRNA_159	72	pY
tRNA_549	9	pm1G
tRNA_549	13	pY
tRNA_549	16	pD
tRNA_549	17	pGm
tRNA_549	19	pD
tRNA_549	20	pD
tRNA_549	28	pY
tRNA_549	32	pCm
tRNA_549	39	pY
tRNA_549	48	pm5C
tRNA_549	53	pY
tRNA_549	54	pY
tRNA_549	57	pm1A
tRNA_661	10	pm2G
tRNA_661	16	pD
tRNA_661	17	pD
tRNA_661	18	pGm
tRNA_661	26	pm2,2G
tRNA_661	35	pY
tRNA_661	37	pm1G
tRNA_661	39	pY
tRNA_661	46	pm7G
tRNA_661	47	pacp3U
tRNA_661	55	pY
tRNA_661	58	pm1A
tRNA_921	13	pCm
tRNA_921	17	pD
tRNA_921	20	pD
tRNA_921	21	pD
tRNA_921	38	pt6A
tRNA_921	53	pm1A
tRNA_940	38	pm1G
tRNA_564	9	pm1G
tRNA_564	10	pm2G
tRNA_564	16	pD
tRNA_564	20	pD
tRNA_564	26	pm2,2G
tRNA_564	27	pY
tRNA_564	32	pCm
tRNA_564	34	pI
tRNA_564	37	pm1G
tRNA_564	39	pY
tRNA_564	47	pD
tRNA_564	49	pm5C
tRNA_564	50	pY
tRNA_564	54	pY
tRNA_564	55	pY
tRNA_564	58	pm1A
tRNA_1182	10	pm2G
tRNA_1182	16	pD
tRNA_1182	17	pD
tRNA_1182	26	pm2,2G
tRNA_1182	32	pCm
tRNA_1182	34	pGm
tRNA_1182	37	pyW
tRNA_1182	39	pY
tRNA_1182	40	pm5C
tRNA_1182	46	pm7G
tRNA_1182	49	pm5C
tRNA_1182	54	pm5U
tRNA_1182	55	pY
tRNA_1182	58	pm1A
tRNA_1417	6	ps4U
tRNA_1417	31	pm5C
tRNA_1417	53	pm5U
tRNA_1417	54	pY
tRNA_47	8	ps4U
tRNA_47	16	pD
tRNA_47	17	pD
tRNA_47	20	pD
tRNA_47	21	pD
tRNA_47	47	pm7G
tRNA_47	48	pacp3U
tRNA_47	55	pm5U
tRNA_47	56	pY
tRNA_894	9	pm1A
tRNA_894	10	pm2G
tRNA_894	24	pY
tRNA_894	31	pQ
tRNA_894	36	pY
tRNA_379	10	pm2,2G
tRNA_379	13	pY
tRNA_379	54	pm1Y
tRNA_379	55	pY
tRNA_379	56	pCm
tRNA_379	57	pm1I
tRNA_888	9	pm1A
tRNA_888	10	pm2G
tRNA_888	26	pY
tRNA_888	27	pY
tRNA_888	30	pY
tRNA_888	36	pm1G
tRNA_1204	8	ps4U
tRNA_1204	20	pD
tRNA_1204	32	pCm
tRNA_1204	54	pm5U
tRNA_1204	55	pY
tRNA_1463	6	ps4U
tRNA_1463	31	pm5C
tRNA_1463	53	pm5U
tRNA_1463	54	pY
tRNA_1140	13	pY
tRNA_1140	16	pD
tRNA_1140	19	pD
tRNA_1140	32	pY
tRNA_1140	37	pm1G
tRNA_1140	48	pm5C
tRNA_1140	53	pm5U
tRNA_1140	54	pY
tRNA_9	8	ps4U
tRNA_9	19	pD
tRNA_9	20	pD
tRNA_9	31	pY
tRNA_9	36	pms2i6A
tRNA_9	38	pY
tRNA_9	52	pm5U
tRNA_9	53	pY
tRNA_777	10	pm1A
tRNA_777	11	pm2G
tRNA_777	20	pD
tRNA_777	27	pY
tRNA_777	37	pm1G
tRNA_777	48	pm5C
tRNA_751	16	pD
tRNA_751	17	pGm
tRNA_751	19	pD
tRNA_751	27	pY
tRNA_751	33	xU
tRNA_751	36	pt6A
tRNA_751	45	pm7G
tRNA_751	46	pD
tRNA_751	53	pm5U
tRNA_751	54	pY
tRNA_833	10	pm1A
tRNA_833	32	xU
tRNA_833	35	pms2i6A
tRNA_639	9	pm1G
tRNA_639	10	pm2G
tRNA_639	25	pm2G
tRNA_639	27	pY
tRNA_639	36	pt6A
tRNA_639	45	pm7G
tRNA_639	46	pD
tRNA_639	47	pm5C
tRNA_639	48	pm5C
tRNA_639	54	pY
tRNA_639	57	pm1A
tRNA_639	63	xG
tRNA_849	9	pm1G
tRNA_849	16	pm1A
tRNA_849	19	pD
tRNA_849	27	pY
tRNA_849	31	pY
tRNA_849	36	pms2i6A
tRNA_849	39	pY
tRNA_849	53	pY
tRNA_606	9	pm1G
tRNA_606	13	pY
tRNA_606	16	pD
tRNA_606	19	pD
tRNA_606	20	pD
tRNA_606	26	pm2,2G
tRNA_606	27	pY
tRNA_606	34	pI
tRNA_606	46	pm7G
tRNA_606	47	pD
tRNA_606	54	pm5U
tRNA_606	55	pY
tRNA_606	58	pm1A
tRNA_959	3	pUm
tRNA_959	21	pGm
tRNA_959	38	pi6A
tRNA_1443	7	ps4U
tRNA_1443	50	pm5U
tRNA_1443	51	pY
tRNA_1384	7	ps4U
tRNA_1384	32	pm5C
tRNA_1384	54	pm5U
tRNA_1384	55	pY
tRNA_296	8	ps4U
tRNA_296	19	pD
tRNA_296	23	pm1A
tRNA_296	40	pY
tRNA_296	70	pm5U
tRNA_296	71	pY
tRNA_172	20	pD
tRNA_172	34	pI
tRNA_172	37	pm1G
tRNA_172	46	pm7G
tRNA_172	54	pm5U
tRNA_172	55	pY
tRNA_440	4	pUm
tRNA_440	9	pm1G
tRNA_440	13	pY
tRNA_440	16	pD
tRNA_440	19	pD
tRNA_440	28	pY
tRNA_440	34	pmchm5U
tRNA_440	48	pm5C
tRNA_440	49	pm5C
tRNA_440	53	pm5U
tRNA_440	54	pY
tRNA_440	57	pm1A
tRNA_556	15	pG+
tRNA_556	26	pm2,2G
tRNA_556	37	pm1G
tRNA_556	48	pm5C
tRNA_556	54	pm1Y
tRNA_556	55	pY
tRNA_556	56	pCm
tRNA_556	57	pm1I
tRNA_900	9	pm1A
tRNA_900	10	pm2G
tRNA_900	32	ptm5U
tRNA_900	35	pms2i6A
tRNA_1321	8	ps4U
tRNA_1321	32	pY
tRNA_1321	37	pms2i6A
tRNA_1321	39	pY
tRNA_1321	46	pm7G
tRNA_1321	54	pm5U
tRNA_1321	55	pY
tRNA_1316	8	ps4U
tRNA_1316	30	pY
tRNA_1316	35	pms2i6A
tRNA_1316	37	pY
tRNA_1316	44	pm7G
tRNA_1316	52	pm5U
tRNA_1316	53	pY
tRNA_1210	9	pm1A
tRNA_1210	10	pm2G
tRNA_1210	29	pY
tRNA_1210	38	pms2i6A
tRNA_1210	40	pY
tRNA_1210	48	pm5C
tRNA_1220	9	pm1A
tRNA_1220	10	pm2G
tRNA_1220	33	ptm5U
tRNA_1220	35	pms2i6A
tRNA_769	16	pD
tRNA_769	20	pD
tRNA_769	33	pY
tRNA_769	38	pm1G
tRNA_769	65	pm5U
tRNA_769	66	pY
tRNA_826	19	pGm
tRNA_826	21	pD
tRNA_826	28	pY
tRNA_826	32	pY
tRNA_826	35	pCm
tRNA_826	48	xU
tRNA_826	55	pm5U
tRNA_826	56	pY
tRNA_1167	10	pm2G
tRNA_1167	16	pD
tRNA_1167	17	pD
tRNA_1167	26	pm2,2G
tRNA_1167	32	pCm
tRNA_1167	34	pGm
tRNA_1167	37	pyW
tRNA_1167	39	pY
tRNA_1167	40	pm5C
tRNA_1167	46	pm7G
tRNA_1167	49	pm5C
tRNA_1167	54	pm5U
tRNA_1167	55	pY
tRNA_1167	58	pm1A
tRNA_1206	9	pm2G
tRNA_1206	15	pD
tRNA_1206	16	pD
tRNA_1206	25	pm2,2G
tRNA_1206	31	pCm
tRNA_1206	33	pGm
tRNA_1206	36	pyW
tRNA_1206	38	pY
tRNA_1206	39	pm5C
tRNA_1206	45	pm7G
tRNA_1206	48	pm5C
tRNA_1206	53	pm5U
tRNA_1206	54	pY
tRNA_1206	57	pm1A
tRNA_1266	9	pm2,2G
tRNA_1266	15	pD
tRNA_1266	16	pD
tRNA_1266	25	pm2,2G
tRNA_1266	31	pCm
tRNA_1266	33	pGm
tRNA_1266	36	pyW
tRNA_1266	38	pY
tRNA_1266	39	pm5C
tRNA_1266	45	pm7G
tRNA_1266	48	pm5C
tRNA_1266	54	pY
tRNA_1266	57	pm1A
tRNA_1445	7	ps4U
tRNA_1445	50	pm5U
tRNA_1445	51	pY
tRNA_312	17	pD
tRNA_312	37	pm6A
tRNA_312	46	pm7G
tRNA_312	55	pY
tRNA_103	10	pm2G
tRNA_103	16	pD
tRNA_103	17	pD
tRNA_103	26	pm2,2G
tRNA_103	32	pCm
tRNA_103	34	pGm
tRNA_103	37	pyW
tRNA_103	39	pY
tRNA_103	40	pm5C
tRNA_103	46	pm7G
tRNA_103	49	pm5C
tRNA_103	54	pm5U
tRNA_103	55	pY
tRNA_103	58	pm1A
tRNA_577	12	pac4C
tRNA_577	16	pD
tRNA_577	17	pGm
tRNA_577	19	pD
tRNA_577	20	pD
tRNA_577	26	pm2,2G
tRNA_577	32	pm3C
tRNA_577	37	pio6A
tRNA_577	39	pY
tRNA_577	44	pUm
tRNA_577	58	pm5C
tRNA_577	64	pm5U
tRNA_577	65	pY
tRNA_577	68	pm1A
tRNA_720	12	pac4C
tRNA_720	19	pD
tRNA_720	20	pD
tRNA_720	32	pY
tRNA_720	35	pmnm5s2U
tRNA_720	36	pY
tRNA_720	48	pm5C
tRNA_720	54	pm5U
tRNA_720	55	pY
tRNA_720	66	pY
tRNA_391	13	pY
tRNA_391	17	pD
tRNA_391	20	pD
tRNA_391	21	pY
tRNA_391	36	pY
tRNA_391	49	pm5C
tRNA_391	54	pm5U
tRNA_391	55	pY
tRNA_391	58	pm1A
tRNA_1416	7	ps4U
tRNA_1416	15	pD
tRNA_1416	31	pY
tRNA_1416	36	pms2i6A
tRNA_1416	38	pY
tRNA_1416	45	pm7G
tRNA_1416	46	xX
tRNA_1416	53	pm5U
tRNA_1416	54	pY
tRNA_509	8	ps4U
tRNA_509	19	pGm
tRNA_509	21	pD
tRNA_509	33	pCm
tRNA_509	47	pm7G
tRNA_509	55	pm5s2U
tRNA_509	56	pY
tRNA_509	59	pm1A
tRNA_827	19	pGm
tRNA_827	28	pY
tRNA_827	32	pY
tRNA_827	35	pCm
tRNA_827	38	xA
tRNA_827	47	pm7G
tRNA_827	55	pm5U
tRNA_827	56	pY
tRNA_628	8	ps4U
tRNA_628	17	pD
tRNA_628	20	pD
tRNA_628	55	pY
tRNA_1217	9	pm1A
tRNA_1217	10	pm2G
tRNA_1217	16	pm1A
tRNA_1217	23	pm2G
tRNA_1217	29	pY
tRNA_1217	36	pY
tRNA_889	24	pY
tRNA_889	31	pf5C
tRNA_889	46	pY
tRNA_641	9	pm1G
tRNA_641	10	pm2G
tRNA_641	25	pm2G
tRNA_641	36	pt6A
tRNA_641	45	pm7G
tRNA_641	46	pD
tRNA_641	47	pm5C
tRNA_641	54	pY
tRNA_641	57	pm1A
tRNA_641	63	pGm
tRNA_15	8	ps4U
tRNA_15	16	pD
tRNA_15	17	pD
tRNA_15	20	pD
tRNA_15	46	pm7G
tRNA_15	54	pm5U
tRNA_15	55	pY
tRNA_643	9	pm1G
tRNA_643	10	pm2G
tRNA_643	25	pm2G
tRNA_643	36	pt6A
tRNA_643	45	pm7G
tRNA_643	46	pD
tRNA_643	47	pm5C
tRNA_643	57	pm1A
tRNA_489	10	pm2G
tRNA_489	12	pac4C
tRNA_489	16	pD
tRNA_489	17	pGm
tRNA_489	19	pD
tRNA_489	21	pD
tRNA_489	27	pm2,2G
tRNA_489	33	pCm
tRNA_489	35	pCm
tRNA_489	38	pm1G
tRNA_489	40	pY
tRNA_489	45	pUm
tRNA_489	57	pm5C
tRNA_489	63	pm5U
tRNA_489	64	pY
tRNA_489	67	pm1A
tRNA_747	14	pY
tRNA_747	17	pD
tRNA_747	18	pD
tRNA_747	19	pGm
tRNA_747	21	pD
tRNA_747	22	pD
tRNA_747	29	pY
tRNA_747	36	N
tRNA_747	56	pm5U
tRNA_747	57	pY
tRNA_718	17	pGm
tRNA_718	21	pD
tRNA_718	35	xU
tRNA_718	48	pm5C
tRNA_718	54	pm5U
tRNA_718	55	pY
tRNA_730	9	pm1A
tRNA_730	25	pY
tRNA_730	27	pY
tRNA_730	31	pY
tRNA_730	32	pY
tRNA_730	37	pm1G
tRNA_387	10	pm2,2G
tRNA_387	13	pY
tRNA_387	37	pac4C
tRNA_387	51	pm5C
tRNA_387	56	pm1Y
tRNA_387	57	pY
tRNA_387	58	pCm
tRNA_666	36	pmcm5U
tRNA_666	39	pi6A
tRNA_666	68	pY
tRNA_666	71	pm1A
tRNA_18	8	ps4U
tRNA_18	17	pGm
tRNA_18	19	pD
tRNA_18	20	pD
tRNA_18	34	pk2C
tRNA_18	37	pt6A
tRNA_18	39	pY
tRNA_18	46	pm7G
tRNA_18	47	pacp3U
tRNA_18	54	pm5U
tRNA_18	55	pY
tRNA_1014	8	pm5U
tRNA_1014	12	pm5U
tRNA_1014	16	pm5U
tRNA_1014	20	pm5U
tRNA_1014	27	pm5U
tRNA_1014	33	pm5U
tRNA_1014	35	pm5U
tRNA_1014	36	pm5U
tRNA_1014	37	pt6A
tRNA_1014	39	pm5U
tRNA_1014	47	pm5U
tRNA_1014	50	pm5U
tRNA_1014	54	pm5U
tRNA_1014	55	pm5U
tRNA_1014	58	pm1A
tRNA_1014	67	pm5U
tRNA_1014	68	pm5U
tRNA_508	8	ps4U
tRNA_508	15	pG+
tRNA_508	26	pm2,2G
tRNA_508	32	pCm
tRNA_508	37	pt6A
tRNA_508	54	pY
tRNA_508	55	pY
tRNA_508	56	pCm
tRNA_371	17	pD
tRNA_371	37	pm6A
tRNA_371	46	pm7G
tRNA_1381	38	pm1G
tRNA_463	6	pm2G
tRNA_463	10	pm2G
tRNA_463	16	pD
tRNA_463	20	pD
tRNA_463	27	pY
tRNA_463	36	xU
tRNA_463	37	pt6A
tRNA_463	39	pY
tRNA_463	46	pm7G
tRNA_463	47	pD
tRNA_463	48	pm5C
tRNA_463	54	pm5Um
tRNA_463	55	pY
tRNA_463	58	pm1A
tRNA_913	13	pUm
tRNA_913	58	pm1A
tRNA_913	59	pm1A
tRNA_1006	32	pm3C
tRNA_409	10	pm2G
tRNA_409	16	pD
tRNA_409	17	pD
tRNA_409	26	pm2,2G
tRNA_409	27	pY
tRNA_409	32	pCm
tRNA_409	34	pGm
tRNA_409	37	pyW
tRNA_409	39	pY
tRNA_409	46	pm7G
tRNA_409	47	pD
tRNA_409	54	pm5U
tRNA_409	55	pY
tRNA_409	58	pm1A
tRNA_1336	7	ps4U
tRNA_1336	32	pm5C
tRNA_1336	54	pm5U
tRNA_1336	55	pY
tRNA_683	16	pD
tRNA_683	17	pGm
tRNA_683	19	pD
tRNA_683	26	pY
tRNA_683	27	pY
tRNA_683	31	pCm
tRNA_683	36	pm1G
tRNA_683	38	pY
tRNA_683	45	pm7G
tRNA_683	46	pD
tRNA_683	54	pY
tRNA_683	57	pm1A
tRNA_454	18	pGm
tRNA_454	21	pD
tRNA_454	38	pt6A
tRNA_454	47	pm7G
tRNA_454	55	pm5s2U
tRNA_454	56	pY
tRNA_454	59	pm1A
tRNA_895	9	pm1A
tRNA_895	10	pm2G
tRNA_895	27	pY
tRNA_895	28	pY
tRNA_895	34	pQ
tRNA_895	37	pt6A
tRNA_895	48	pm5C
tRNA_1314	8	ps4U
tRNA_1314	29	pY
tRNA_1314	34	pms2i6A
tRNA_1314	36	pY
tRNA_1314	43	pm7G
tRNA_1314	51	pm5U
tRNA_1314	52	pY
tRNA_560	9	pm1G
tRNA_560	10	pm2G
tRNA_560	16	pD
tRNA_560	17	pGm
tRNA_560	20	pacp3U
tRNA_560	26	pm2,2G
tRNA_560	32	pCm
tRNA_560	34	pI
tRNA_560	37	pm2A
tRNA_560	47	pD
tRNA_560	49	pm5C
tRNA_560	54	pm5U
tRNA_560	55	pY
tRNA_560	58	pm1A
tRNA_1145	8	ps4U
tRNA_1145	16	pD
tRNA_1145	20	pD
tRNA_1145	32	pY
tRNA_1145	39	pY
tRNA_1145	54	pm5U
tRNA_1145	55	pY
tRNA_736	9	pm1A
tRNA_736	10	pm2G
tRNA_736	37	pY
tRNA_758	9	pm1A
tRNA_758	10	pm2G
tRNA_758	19	pm2G
tRNA_758	20	pY
tRNA_758	27	xU
tRNA_758	30	pt6A
tRNA_974	13	pCm
tRNA_974	20	pD
tRNA_801	8	pm1A
tRNA_801	9	pm1A
tRNA_801	22	pY
tRNA_801	26	pY
tRNA_801	29	pY
tRNA_801	34	pm1G
tRNA_801	35	pY
tRNA_801	37	pY
tRNA_801	51	pY
tRNA_1133	12	pY
tRNA_1133	15	pD
tRNA_1133	18	pD
tRNA_1133	31	pY
tRNA_1133	36	pm1G
tRNA_1133	47	pm5C
tRNA_1133	52	pm5U
tRNA_1133	53	pY
tRNA_1189	10	pm2G
tRNA_1189	16	pD
tRNA_1189	17	pD
tRNA_1189	26	pm2,2G
tRNA_1189	32	pCm
tRNA_1189	34	pGm
tRNA_1189	37	pyW
tRNA_1189	39	pY
tRNA_1189	40	pm5C
tRNA_1189	46	pm7G
tRNA_1189	49	pm5C
tRNA_1189	54	pm5U
tRNA_1189	55	pY
tRNA_1189	58	pm1A
tRNA_1369	7	ps4U
tRNA_1369	32	pm5C
tRNA_1369	54	pm5U
tRNA_1369	55	pY
tRNA_789	9	pm1A
tRNA_789	10	pm2G
tRNA_789	26	pY
tRNA_789	27	pY
tRNA_789	34	pY
tRNA_789	36	pi6A
tRNA_789	39	pY
tRNA_789	57	pm1A
tRNA_1323	6	ps4U
tRNA_1323	31	pm5C
tRNA_1323	53	pm5U
tRNA_1323	54	pY
tRNA_14	34	pmnm5U
tRNA_14	53	pm5U
tRNA_14	54	pY
tRNA_166	17	pD
tRNA_166	34	pmo5U
tRNA_166	37	pm6A
tRNA_166	46	pm7G
tRNA_166	54	pm5U
tRNA_166	55	pY
tRNA_27	8	ps4U
tRNA_27	16	pD
tRNA_27	17	pD
tRNA_27	18	pGm
tRNA_27	20	pD
tRNA_27	21	pD
tRNA_27	35	pac4C
tRNA_27	38	pt6A
tRNA_27	40	pY
tRNA_27	47	pm7G
tRNA_27	48	pacp3U
tRNA_27	55	pm5U
tRNA_27	56	pY
tRNA_625	13	pY
tRNA_625	28	pm2G
tRNA_625	56	pm1Y
tRNA_625	57	pY
tRNA_625	58	pCm
tRNA_625	59	pm1I
tRNA_804	9	pm1A
tRNA_804	29	pY
tRNA_804	36	pY
tRNA_607	14	pY
tRNA_607	17	pD
tRNA_607	20	pD
tRNA_607	21	pD
tRNA_607	27	pm2G
tRNA_607	28	pY
tRNA_607	33	pCm
tRNA_607	35	pI
tRNA_607	39	pm5C
tRNA_607	47	pm7G
tRNA_607	48	pD
tRNA_607	49	pm5C
tRNA_607	50	pm5C
tRNA_607	56	pY
tRNA_607	59	pm1A
tRNA_904	8	ps4U
tRNA_904	34	pmo5U
tRNA_904	37	pt6A
tRNA_904	46	pm7G
tRNA_416	10	pm2G
tRNA_416	14	pm1A
tRNA_416	16	pD
tRNA_416	17	pD
tRNA_416	26	pm2,2G
tRNA_416	27	pY
tRNA_416	28	pY
tRNA_416	32	pCm
tRNA_416	34	pGm
tRNA_416	37	po2yW
tRNA_416	39	pY
tRNA_416	46	pm7G
tRNA_416	47	pD
tRNA_416	49	pm5C
tRNA_416	54	pm5U
tRNA_416	55	pY
tRNA_416	58	pm1A
tRNA_441	4	pCm
tRNA_441	6	pm2G
tRNA_441	13	pY
tRNA_441	19	pD
tRNA_441	31	pUm
tRNA_441	38	pYm
tRNA_441	47	pm5C
tRNA_441	48	pm5C
tRNA_441	52	pm5U
tRNA_441	53	pY
tRNA_441	56	pm1A
tRNA_955	29	pm6A
tRNA_317	17	pD
tRNA_317	20	pD
tRNA_317	55	pY
tRNA_1446	8	ps4U
tRNA_1446	51	pm5U
tRNA_1446	52	pY
tRNA_36	8	ps4U
tRNA_36	20	pD
tRNA_36	33	ps2C
tRNA_36	38	pt6A
tRNA_36	71	pm5U
tRNA_36	72	pY
tRNA_1262	7	ps4U
tRNA_1262	18	pD
tRNA_1262	19	pD
tRNA_1262	30	pY
tRNA_1262	35	pms2i6A
tRNA_1262	37	pY
tRNA_1262	51	pm5U
tRNA_1262	52	pY
tRNA_638	9	pm1G
tRNA_638	10	pm2G
tRNA_638	16	pD
tRNA_638	25	pm2,2G
tRNA_638	36	pt6A
tRNA_638	45	pm7G
tRNA_638	46	pD
tRNA_638	47	pm5C
tRNA_638	48	pm5C
tRNA_638	57	pm1A
tRNA_638	63	pGr(p)
tRNA_400	17	pD
tRNA_400	20	pD
tRNA_400	37	pms2i6A
tRNA_400	39	pY
tRNA_400	46	pm7G
tRNA_400	54	pm5U
tRNA_400	55	pY
tRNA_815	23	pt6A
tRNA_544	10	pm2G
tRNA_544	13	pY
tRNA_544	19	pD
tRNA_544	20	pD
tRNA_544	32	xC
tRNA_544	37	pt6A
tRNA_544	39	pY
tRNA_544	48	pm5C
tRNA_544	54	pY
tRNA_544	57	pm1A
tRNA_663	6	pm2G
tRNA_663	10	pm2G
tRNA_663	16	pD
tRNA_663	17	pD
tRNA_663	20	pacp3U
tRNA_663	27	pm2,2G
tRNA_663	28	pm2,2G
tRNA_663	35	pgalQ
tRNA_663	36	pY
tRNA_663	38	pm1G
tRNA_663	40	pYm
tRNA_663	47	pm7G
tRNA_663	48	pD
tRNA_663	49	pm5C
tRNA_663	55	pm5U
tRNA_663	56	pY
tRNA_663	59	pm1A
tRNA_642	9	pm1G
tRNA_642	10	pm2G
tRNA_642	25	pm2G
tRNA_642	36	pt6A
tRNA_642	45	pm7G
tRNA_642	46	pD
tRNA_642	47	pm5C
tRNA_642	57	pm1A
tRNA_645	9	pm1G
tRNA_645	10	pm2G
tRNA_645	25	pm2G
tRNA_645	36	pt6A
tRNA_645	45	pm7G
tRNA_645	46	pD
tRNA_645	47	pm5C
tRNA_645	57	pm1A
tRNA_493	10	pm2G
tRNA_493	12	pac4C
tRNA_493	16	pD
tRNA_493	19	pD
tRNA_493	21	pacp3U
tRNA_493	27	pm2,2G
tRNA_493	35	N
tRNA_493	38	pm1G
tRNA_493	39	pY
tRNA_493	40	pY
tRNA_493	45	pUm
tRNA_493	59	pm5C
tRNA_493	65	pm5U
tRNA_493	66	pY
tRNA_493	69	pm1A
tRNA_1390	6	ps4U
tRNA_1390	31	pm5C
tRNA_1390	53	pm5U
tRNA_1390	54	pY
tRNA_721	9	pm1A
tRNA_721	24	pY
tRNA_721	25	pY
tRNA_721	31	xU
tRNA_721	34	pt6A
tRNA_721	59	pY
tRNA_731	10	pm1A
tRNA_731	36	pms2i6A
tRNA_731	38	pY
tRNA_803	9	pm1A
tRNA_803	37	pY
tRNA_1460	7	ps4U
tRNA_1460	32	pm5C
tRNA_1460	54	pm5U
tRNA_1460	55	pY
tRNA_16	9	ps4U
tRNA_16	17	pD
tRNA_16	18	pD
tRNA_16	21	pD
tRNA_16	35	pQ
tRNA_16	38	pm2A
tRNA_16	39	pY
tRNA_16	40	pY
tRNA_16	47	pm7G
tRNA_16	55	pm5U
tRNA_16	56	pY
tRNA_1433	6	ps4U
tRNA_1433	31	pm5C
tRNA_1433	53	pm5U
tRNA_1433	54	pY
tRNA_1338	58	pm1A
tRNA_91	10	pm2G
tRNA_91	12	pac4C
tRNA_91	17	pGm
tRNA_91	19	pD
tRNA_91	21	pD
tRNA_91	27	pm2,2G
tRNA_91	33	pY
tRNA_91	35	pm5C
tRNA_91	38	pm1G
tRNA_91	40	pY
tRNA_91	57	pm5C
tRNA_91	63	pm5U
tRNA_91	64	pY
tRNA_420	10	pm2G
tRNA_420	14	pm1A
tRNA_420	16	pD
tRNA_420	17	pD
tRNA_420	26	pm2,2G
tRNA_420	27	pY
tRNA_420	28	pY
tRNA_420	32	pCm
tRNA_420	34	pGm
tRNA_420	37	pyW
tRNA_420	39	pY
tRNA_420	46	pm7G
tRNA_420	49	pm5C
tRNA_420	54	pm5U
tRNA_420	55	pY
tRNA_420	58	pm1A
tRNA_54	9	pm1G
tRNA_54	10	pm2G
tRNA_54	16	pD
tRNA_54	25	pm2,2G
tRNA_54	26	pY
tRNA_54	33	pmcm5U
tRNA_54	36	pt6A
tRNA_54	38	pY
tRNA_54	46	pD
tRNA_54	53	pm5U
tRNA_54	54	pY
tRNA_54	57	pm1A
tRNA_1197	13	pY
tRNA_1197	16	pD
tRNA_1197	19	pD
tRNA_1197	32	pY
tRNA_1197	37	pm1G
tRNA_1197	48	pm5C
tRNA_1197	53	pm5U
tRNA_1197	54	pY
tRNA_931	6	pm1G
tRNA_931	13	pCm
tRNA_931	17	pD
tRNA_931	47	pm7G
tRNA_1478	7	ps4U
tRNA_1478	16	pGm
tRNA_1478	18	pD
tRNA_1478	19	pD
tRNA_1478	32	pCm
tRNA_1478	34	xX
tRNA_1478	37	pYm
tRNA_1478	38	pUm
tRNA_1478	39	pmnm5s2U
tRNA_1478	67	pm5U
tRNA_1478	68	pY
tRNA_580	16	pD
tRNA_580	17	pGm
tRNA_580	19	pD
tRNA_580	20	pD
tRNA_580	26	pm2,2G
tRNA_580	27	pY
tRNA_580	32	pm3C
tRNA_580	37	pt6A
tRNA_580	40	pY
tRNA_580	44	pUm
tRNA_580	63	pm5U
tRNA_580	64	pY
tRNA_580	67	pm1A
tRNA_662	10	pm2G
tRNA_662	16	pD
tRNA_662	17	pD
tRNA_662	20	pacp3U
tRNA_662	26	pm2,2G
tRNA_662	28	pY
tRNA_662	34	pQ
tRNA_662	35	pY
tRNA_662	37	pm1G
tRNA_662	39	pUm
tRNA_662	46	pm7G
tRNA_662	47	pD
tRNA_662	54	pm5U
tRNA_662	55	pY
tRNA_662	58	pm1A
tRNA_1457	7	ps4U
tRNA_1457	29	pY
tRNA_1457	34	pms2i6A
tRNA_1457	36	pY
tRNA_1457	43	pm7G
tRNA_1457	51	pm5U
tRNA_1457	52	pY
tRNA_830	19	pD
tRNA_830	33	xU
tRNA_830	36	xA
tRNA_830	52	pm5U
tRNA_830	53	pY
tRNA_774	10	pm2G
tRNA_774	12	pac4C
tRNA_774	16	pD
tRNA_774	17	pGm
tRNA_774	19	pD
tRNA_774	21	pacp3U
tRNA_774	27	pm2,2G
tRNA_774	33	pY
tRNA_774	35	N
tRNA_774	38	pm1G
tRNA_774	40	pY
tRNA_774	45	pUm
tRNA_774	52	N
tRNA_774	56	pm5C
tRNA_774	62	pm5U
tRNA_774	63	pY
tRNA_774	66	pm1A
tRNA_919	19	pD
tRNA_919	56	pm1A
tRNA_1451	5	ps4U
tRNA_1451	11	pm2,2G
tRNA_1451	14	pY
tRNA_1451	16	pG+
tRNA_1451	18	pCm
tRNA_1451	29	pm2,2G
tRNA_1451	35	pCm
tRNA_1451	37	pUm
tRNA_1451	51	pm5C
tRNA_1451	52	pm5C
tRNA_1451	58	pY
tRNA_1451	59	pCm
tRNA_1451	60	pm1I
tRNA_1451	61	pm1A
tRNA_373	10	pm2G
tRNA_373	17	pD
tRNA_373	26	pm2,2G
tRNA_373	32	pUm
tRNA_373	34	pI
tRNA_373	37	pm1I
tRNA_373	38	pY
tRNA_373	39	pGm
tRNA_373	40	pY
tRNA_373	46	pm7G
tRNA_373	49	pm5C
tRNA_373	55	pY
tRNA_373	58	pm1A
tRNA_578	16	pD
tRNA_578	17	pGm
tRNA_578	19	pD
tRNA_578	20	pD
tRNA_578	26	pm2,2G
tRNA_578	32	pm3C
tRNA_578	34	pncm5U
tRNA_578	37	pio6A
tRNA_578	39	pY
tRNA_578	44	pUm
tRNA_578	63	pm5U
tRNA_578	64	pY
tRNA_578	67	pm1A
tRNA_44	8	ps4U
tRNA_44	9	ps4U
tRNA_44	17	pGm
tRNA_44	35	pQ
tRNA_44	36	pY
tRNA_44	38	pms2i6A
tRNA_44	40	pY
tRNA_44	63	pm5U
tRNA_44	64	pY
tRNA_620	9	pm1G
tRNA_620	16	pD
tRNA_620	17	pGm
tRNA_620	19	pD
tRNA_620	26	pY
tRNA_620	31	pCm
tRNA_620	33	pCm
tRNA_620	36	pm1G
tRNA_620	38	pYm
tRNA_620	46	pD
tRNA_620	47	xU
tRNA_620	53	pm5U
tRNA_620	54	pY
tRNA_620	57	pm1A
tRNA_620	64	pY
tRNA_535	8	ps4U
tRNA_535	21	pD
tRNA_535	33	pUm
tRNA_535	38	pm1G
tRNA_535	47	pm7G
tRNA_535	55	pm5U
tRNA_535	56	pY
tRNA_796	9	pm1A
tRNA_796	28	pY
tRNA_796	31	xU
tRNA_505	6	pm2G
tRNA_505	10	pm2G
tRNA_505	12	pac4C
tRNA_505	19	pD
tRNA_505	21	pY
tRNA_505	27	pm2,2G
tRNA_505	35	N
tRNA_505	36	N
tRNA_505	38	pm1G
tRNA_505	39	pm1G
tRNA_505	40	pY
tRNA_505	41	pY
tRNA_505	45	pUm
tRNA_505	46	pUm
tRNA_505	47	pY
tRNA_505	48	pY
tRNA_505	58	pm5C
tRNA_505	59	pm5C
tRNA_505	64	pm5U
tRNA_505	65	pm5U
tRNA_505	66	pY
tRNA_505	68	pm1A
tRNA_505	69	pm1A
tRNA_901	9	pm1A
tRNA_901	37	pm1G
tRNA_570	15	pG+
tRNA_570	25	pm2,2G
tRNA_570	56	pm5C
tRNA_570	62	pm1Y
tRNA_570	63	pY
tRNA_570	64	pCm
tRNA_570	65	pm1I
tRNA_732	9	pm1A
tRNA_732	10	pm2G
tRNA_732	37	pY
tRNA_779	9	pm1G
tRNA_779	10	pm2G
tRNA_779	21	pD
tRNA_779	29	pY
tRNA_779	36	ptm5U
tRNA_779	41	pY
tRNA_779	50	pm5C
tRNA_779	60	pm1A
tRNA_646	9	pm1G
tRNA_646	10	pm2G
tRNA_646	25	pm2,2G
tRNA_646	36	pt6A
tRNA_646	45	pm7G
tRNA_646	46	pD
tRNA_646	47	pm5C
tRNA_646	57	pm1A
tRNA_410	10	pm2G
tRNA_410	16	pD
tRNA_410	17	pD
tRNA_410	26	pm2,2G
tRNA_410	27	pY
tRNA_410	32	pCm
tRNA_410	34	pGm
tRNA_410	37	po2yW
tRNA_410	39	pY
tRNA_410	46	pm7G
tRNA_410	47	pD
tRNA_410	54	pm5U
tRNA_410	55	pY
tRNA_410	58	pm1A
tRNA_1169	10	pm2G
tRNA_1169	16	pD
tRNA_1169	17	pD
tRNA_1169	26	pm2,2G
tRNA_1169	32	pCm
tRNA_1169	34	pGm
tRNA_1169	37	pyW
tRNA_1169	39	pY
tRNA_1169	40	pm5C
tRNA_1169	46	pm7G
tRNA_1169	49	pm5C
tRNA_1169	54	pm5U
tRNA_1169	55	pY
tRNA_1169	58	pm1A
tRNA_1411	6	ps4U
tRNA_1411	31	pm5C
tRNA_1411	53	pm5U
tRNA_1411	54	pY
tRNA_912	10	pm1G
tRNA_912	58	pm1A
tRNA_971	13	pCm
tRNA_971	16	pGm
tRNA_971	20	pD
tRNA_971	37	pt6A
tRNA_971	58	pm1A
tRNA_935	13	pCm
tRNA_935	17	pD
tRNA_935	38	pms2io6A
tRNA_200	19	pD
tRNA_200	33	pcmnm5U
tRNA_200	52	pm5U
tRNA_200	53	pY
tRNA_35	17	pGm
tRNA_35	20	pD
tRNA_35	38	pms2i6A
tRNA_35	68	pm5U
tRNA_35	69	pY
tRNA_449	1	xG
tRNA_449	14	pY
tRNA_449	17	pD
tRNA_449	20	pD
tRNA_449	21	pD
tRNA_449	33	pY
tRNA_449	48	pm5C
tRNA_449	49	pm5C
tRNA_449	55	pY
tRNA_449	58	pm1A
tRNA_775	12	pac4C
tRNA_775	17	pGm
tRNA_775	19	pD
tRNA_775	20	pD
tRNA_775	26	pm2,2G
tRNA_775	34	N
tRNA_775	37	pm1G
tRNA_775	39	pY
tRNA_775	44	pUm
tRNA_775	58	pm5C
tRNA_775	64	pm5U
tRNA_775	65	pY
tRNA_775	68	pm1A
tRNA_470	10	pm2G
tRNA_470	16	pD
tRNA_470	27	pY
tRNA_470	34	xU
tRNA_470	37	xA
tRNA_470	39	xX
tRNA_470	46	pm7G
tRNA_470	47	pD
tRNA_470	48	pm5C
tRNA_470	54	pm5Um
tRNA_470	55	pY
tRNA_470	58	pm1A
tRNA_470	67	pm2G
tRNA_470	72	pm5C
tRNA_390	9	pm1G
tRNA_390	20	pD
tRNA_390	34	pmcm5s2U
tRNA_390	48	pm5C
tRNA_390	53	pm5U
tRNA_390	54	pY
tRNA_817	19	pD
tRNA_817	30	pY
tRNA_817	36	pt6A
tRNA_817	38	pY
tRNA_817	52	pm5U
tRNA_411	10	pm2G
tRNA_411	16	pD
tRNA_411	17	pD
tRNA_411	26	pm2,2G
tRNA_411	27	pY
tRNA_411	32	pCm
tRNA_411	34	pGm
tRNA_411	37	po2yW
tRNA_411	39	pY
tRNA_411	46	pm7G
tRNA_411	47	pD
tRNA_411	54	pm5U
tRNA_411	55	pY
tRNA_411	58	pm1A
tRNA_850	9	pm1A
tRNA_850	26	pY
tRNA_850	28	pY
tRNA_850	30	pY
tRNA_850	33	pY
tRNA_850	35	pcmnm5U
tRNA_850	38	pm1G
tRNA_850	57	pY
tRNA_934	13	pCm
tRNA_934	20	pD
tRNA_934	37	pt6A
tRNA_934	46	pm7G
tRNA_934	58	pm1A
tRNA_1348	35	pt6A
tRNA_1348	37	pY
tRNA_247	20	pD
tRNA_247	34	pcmnm5s2U
tRNA_247	37	pt6A
tRNA_247	46	pm7G
tRNA_247	55	pY
tRNA_1162	10	pm2G
tRNA_1162	16	pD
tRNA_1162	17	pD
tRNA_1162	26	pm2,2G
tRNA_1162	32	pCm
tRNA_1162	34	pGm
tRNA_1162	37	pyW
tRNA_1162	39	pY
tRNA_1162	40	pm5C
tRNA_1162	46	pm7G
tRNA_1162	49	pm5C
tRNA_1162	54	pm5U
tRNA_1162	55	pY
tRNA_1162	58	pm1A
tRNA_559	9	pm1G
tRNA_559	16	pD
tRNA_559	20	pacp3U
tRNA_559	26	pm2,2G
tRNA_559	32	pCm
tRNA_559	37	pm1G
tRNA_559	47	pD
tRNA_559	49	pm5C
tRNA_559	54	pm5U
tRNA_559	55	pY
tRNA_559	58	pm1A
tRNA_559	68	pY
tRNA_370	25	pm2G
tRNA_370	47	pm5C
tRNA_370	48	pm5C
tRNA_370	53	pm1Y
tRNA_370	54	pY
tRNA_370	55	pCm
tRNA_469	10	pm2G
tRNA_469	16	pD
tRNA_469	20	pD
tRNA_469	27	pY
tRNA_469	28	pY
tRNA_469	34	pcmnm5Um
tRNA_469	37	pt6A
tRNA_469	39	pY
tRNA_469	46	pm7G
tRNA_469	47	pD
tRNA_469	48	pm5C
tRNA_469	54	pm5Um
tRNA_469	55	pY
tRNA_469	58	pm1A
tRNA_610	4	pUm
tRNA_610	9	pm1G
tRNA_610	13	pY
tRNA_610	19	pD
tRNA_610	20	pacp3U
tRNA_610	27	pY
tRNA_610	32	pCm
tRNA_610	34	pI
tRNA_610	38	pm5C
tRNA_610	46	pm7G
tRNA_610	49	xC
tRNA_610	54	pm5U
tRNA_610	55	pY
tRNA_610	58	pm1A
tRNA_764	18	pGm
tRNA_764	20	pD
tRNA_764	35	pCm
tRNA_764	38	xA
tRNA_764	63	pm5U
tRNA_764	64	pY
tRNA_619	4	xU
tRNA_619	9	pm1G
tRNA_619	10	pm2G
tRNA_619	16	pD
tRNA_619	17	pD
tRNA_619	18	pGm
tRNA_619	20	pD
tRNA_619	26	pm2,2G
tRNA_619	27	pY
tRNA_619	32	pCm
tRNA_619	34	pCm
tRNA_619	37	pm1G
tRNA_619	39	pYm
tRNA_619	47	pD
tRNA_619	54	pm5U
tRNA_619	55	pY
tRNA_619	58	pm1A
tRNA_619	65	pY
tRNA_899	9	pm1A
tRNA_899	10	pm2G
tRNA_899	32	ptm5U
tRNA_899	36	pY
tRNA_899	54	pY
tRNA_48	8	ps4U
tRNA_48	21	pD
tRNA_48	33	pCm
tRNA_48	47	pm7G
tRNA_48	55	pm5U
tRNA_48	56	pY
tRNA_618	36	xA
tRNA_618	54	pY
tRNA_1345	38	pY
tRNA_1345	53	pm5U
tRNA_1345	54	pY
tRNA_824	10	pm1A
tRNA_824	11	pm2G
tRNA_824	27	pY
tRNA_748	9	pm1G
tRNA_748	24	pY
tRNA_748	25	pY
tRNA_748	34	pt6A
tRNA_748	61	pY
tRNA_748	63	pY
tRNA_1418	7	ps4U
tRNA_1418	32	pm5C
tRNA_1418	54	pm5U
tRNA_1418	55	pY
tRNA_983	13	pCm
tRNA_983	37	pms2io6A
tRNA_983	46	pm7G
tRNA_633	21	pD
tRNA_633	33	pCm
tRNA_633	47	pm7G
tRNA_633	55	pm5U
tRNA_633	56	pY
tRNA_1263	7	ps4U
tRNA_1263	15	pD
tRNA_1263	19	pD
tRNA_1263	20	pD
tRNA_1263	34	xG
tRNA_1263	46	pm7G
tRNA_1263	54	pm5U
tRNA_1263	55	pY
tRNA_1263	65	pY
tRNA_1363	46	pm5U
tRNA_1363	47	pY
tRNA_1152	9	pm1G
tRNA_1152	10	pm2G
tRNA_1152	16	pD
tRNA_1152	25	pm2,2G
tRNA_1152	36	pt6A
tRNA_1152	45	pm7G
tRNA_1152	46	pD
tRNA_1152	47	pm5C
tRNA_1152	48	pm5C
tRNA_1152	57	pm1A
tRNA_1152	63	pAr(p)
tRNA_412	10	pm2G
tRNA_412	14	pm1A
tRNA_412	16	pD
tRNA_412	17	pD
tRNA_412	26	pm2,2G
tRNA_412	27	pY
tRNA_412	28	pY
tRNA_412	32	pCm
tRNA_412	34	pGm
tRNA_412	37	po2yW
tRNA_412	39	pY
tRNA_412	46	pm7G
tRNA_412	47	pD
tRNA_412	49	pm5C
tRNA_412	54	pm5U
tRNA_412	55	pY
tRNA_412	58	pm1A
tRNA_656	10	pm2G
tRNA_656	16	pD
tRNA_656	17	pD
tRNA_656	18	pGm
tRNA_656	26	pm2,2G
tRNA_656	34	pQ
tRNA_656	35	pY
tRNA_656	37	pm1G
tRNA_656	39	pY
tRNA_656	46	pm7G
tRNA_656	55	pY
tRNA_656	58	pm1A
tRNA_1380	37	pm1G
tRNA_680	10	pm2G
tRNA_680	12	pac4C
tRNA_680	16	pD
tRNA_680	19	pD
tRNA_680	21	pacp3U
tRNA_680	27	pm2,2G
tRNA_680	33	pYm
tRNA_680	35	pI
tRNA_680	38	pm1G
tRNA_680	39	pY
tRNA_680	45	pUm
tRNA_680	47	pY
tRNA_680	57	pm5C
tRNA_680	63	pm5U
tRNA_680	64	pY
tRNA_680	67	pm1A
tRNA_594	15	pG+
tRNA_594	26	pm2,2G
tRNA_594	37	pt6A
tRNA_594	48	pm5C
tRNA_594	54	pm1Y
tRNA_594	55	pY
tRNA_594	56	pCm
tRNA_594	57	pm1I
tRNA_806	16	pD
tRNA_806	19	pD
tRNA_806	27	pm2G
tRNA_806	28	pY
tRNA_806	33	pY
tRNA_806	38	pm1G
tRNA_806	40	pY
tRNA_806	68	pm5U
tRNA_806	69	pY
tRNA_853	9	pm1A
tRNA_853	26	pY
tRNA_853	27	pY
tRNA_853	30	pY
tRNA_853	31	pY
tRNA_853	33	pcmnm5s2U
tRNA_853	36	pms2i6A
tRNA_853	54	pY
tRNA_936	13	pCm
tRNA_936	17	pD
tRNA_936	38	pms2i6A
tRNA_768	16	pD
tRNA_768	19	pD
tRNA_768	34	xU
tRNA_768	63	pm5U
tRNA_768	64	pY
tRNA_1429	6	ps4U
tRNA_1429	31	pm5C
tRNA_1429	53	pm5U
tRNA_1429	54	pY
tRNA_1161	37	pyW
tRNA_1161	54	pm5U
tRNA_784	17	pGm
tRNA_784	19	pD
tRNA_784	20	pD
tRNA_784	25	pY
tRNA_784	27	pY
tRNA_784	28	pY
tRNA_784	31	pY
tRNA_784	46	pm7G
tRNA_784	47	pacp3U
tRNA_784	54	pm5U
tRNA_784	55	pY
tRNA_816	17	pGm
tRNA_816	19	pD
tRNA_816	36	pm6t6A
tRNA_816	45	pm7G
tRNA_816	46	pD
tRNA_816	53	pm5U
tRNA_816	54	pY
tRNA_922	7	pm1G
tRNA_922	32	pUm
tRNA_922	37	pm1G
tRNA_922	70	pm1A
tRNA_1212	10	pm1A
tRNA_1212	11	pm2G
tRNA_1212	25	pY
tRNA_1212	32	pQ
tRNA_1212	33	pY
tRNA_1212	37	pY
tRNA_1212	45	pm5C
tRNA_604	17	pD
tRNA_604	37	pm6A
tRNA_604	46	pm7G
tRNA_604	54	pm5U
tRNA_604	55	pY
tRNA_1415	7	ps4U
tRNA_1415	32	pCm
tRNA_1415	46	pm7G
tRNA_1415	54	pm5U
tRNA_1415	55	pY
tRNA_973	13	pm1G
tRNA_973	36	pms2io6A
tRNA_372	9	pm1G
tRNA_372	16	pD
tRNA_372	17	pD
tRNA_372	20	pD
tRNA_372	26	pm2,2G
tRNA_372	27	pY
tRNA_372	34	pI
tRNA_372	37	pm1I
tRNA_372	38	pY
tRNA_372	47	pD
tRNA_372	54	pm5U
tRNA_372	55	pY
tRNA_372	58	pm1A
tRNA_498	7	pm2G
tRNA_498	11	pm2G
tRNA_498	13	pac4C
tRNA_498	20	pD
tRNA_498	22	pY
tRNA_498	28	pm2,2G
tRNA_498	36	xC
tRNA_498	39	xG
tRNA_498	40	pY
tRNA_498	41	pY
tRNA_498	46	xU
tRNA_498	47	pY
tRNA_498	58	pm5C
tRNA_498	64	pm5U
tRNA_498	65	pY
tRNA_498	68	pm1A
tRNA_808	12	pY
tRNA_808	23	pt6A
tRNA_808	26	pY
tRNA_808	45	pY
tRNA_483	16	pD
tRNA_483	17	pD
tRNA_483	18	pGm
tRNA_483	20	pD
tRNA_483	38	xG
tRNA_483	39	pY
tRNA_483	41	pY
tRNA_483	65	pm5U
tRNA_483	66	pY
tRNA_1361	6	ps4U
tRNA_1361	31	pm5C
tRNA_1361	53	pm5U
tRNA_1361	54	pY
tRNA_809	28	pt6A
tRNA_809	30	pCm
tRNA_809	32	pY
tRNA_809	56	pY
tRNA_25	8	ps4U
tRNA_25	16	pD
tRNA_25	18	pGm
tRNA_25	20	pD
tRNA_25	33	pY
tRNA_25	35	pCm
tRNA_25	38	pms2i6A
tRNA_25	40	pY
tRNA_25	63	pm5U
tRNA_25	64	pY
tRNA_757	10	pm2G
tRNA_757	16	pD
tRNA_757	27	pY
tRNA_757	34	N
tRNA_757	39	xU
tRNA_757	46	pm7G
tRNA_757	47	pD
tRNA_757	48	pm5C
tRNA_757	54	pm5U
tRNA_757	55	pY
tRNA_757	58	pm1A
tRNA_757	67	pm2G
tRNA_757	72	pm5C
tRNA_1322	8	ps4U
tRNA_1322	29	pY
tRNA_1322	34	pms2i6A
tRNA_1322	36	pY
tRNA_1322	43	pm7G
tRNA_1322	51	pm5U
tRNA_1322	52	pY
tRNA_381	13	pY
tRNA_381	16	pD
tRNA_381	17	pGm
tRNA_381	19	pD
tRNA_381	26	xG
tRNA_381	27	pY
tRNA_381	38	xC
tRNA_381	47	xC
tRNA_381	48	xA
tRNA_381	53	pm5U
tRNA_381	54	pY
tRNA_381	57	xA
tRNA_634	9	pm1G
tRNA_634	16	pD
tRNA_634	17	pGm
tRNA_634	27	pY
tRNA_634	36	pt6A
tRNA_634	39	pY
tRNA_634	45	pm7G
tRNA_634	47	pm5C
tRNA_634	54	pY
tRNA_634	57	pm1A
tRNA_964	8	ps4U
tRNA_964	34	pmo5U
tRNA_964	37	pm6A
tRNA_964	46	pm7G
tRNA_766	18	pGm
tRNA_766	20	pD
tRNA_766	37	pm7G
tRNA_766	38	pm1G
tRNA_766	61	pm5U
tRNA_766	62	pY
tRNA_930	6	pm1G
tRNA_930	13	pCm
tRNA_930	17	pD
tRNA_930	20	pD
tRNA_930	21	pD
tRNA_930	38	pt6A
tRNA_930	47	pm7G
tRNA_750	9	pm1G
tRNA_750	22	pm2,2G
tRNA_750	23	pY
tRNA_750	24	pY
tRNA_750	33	pt6A
tRNA_506	10	pm2G
tRNA_506	16	pD
tRNA_506	20	xU
tRNA_506	26	pm2,2G
tRNA_506	27	pY
tRNA_506	31	pY
tRNA_506	34	pCm
tRNA_506	37	pt6A
tRNA_506	39	pY
tRNA_506	46	pm7G
tRNA_506	47	pD
tRNA_506	48	pm5C
tRNA_506	49	pm5C
tRNA_506	54	pm5U
tRNA_506	55	pY
tRNA_506	58	pm1A
tRNA_1358	7	ps4U
tRNA_1358	32	pm5C
tRNA_1358	54	pm5U
tRNA_1358	55	pY
tRNA_981	13	pCm
tRNA_981	61	pm1A
tRNA_981	62	pm1A
tRNA_503	10	pm2G
tRNA_503	12	pac4C
tRNA_503	19	pD
tRNA_503	21	pY
tRNA_503	27	pm2,2G
tRNA_503	33	pYm
tRNA_503	35	pI
tRNA_503	38	pm1G
tRNA_503	40	pY
tRNA_503	47	pY
tRNA_503	49	pY
tRNA_503	57	pm5C
tRNA_503	63	pm5U
tRNA_503	64	pY
tRNA_503	67	pm1A
tRNA_659	10	pm2G
tRNA_659	16	pD
tRNA_659	17	pD
tRNA_659	18	pGm
tRNA_659	26	pm2,2G
tRNA_659	35	pY
tRNA_659	37	pm1G
tRNA_659	39	pY
tRNA_659	46	pm7G
tRNA_659	55	pY
tRNA_659	58	pm1A
tRNA_70	13	pY
tRNA_70	20	pD
tRNA_70	27	pY
tRNA_70	34	pmcm5s2U
tRNA_70	48	pm5C
tRNA_70	53	pm5U
tRNA_70	54	pY
tRNA_742	17	pGm
tRNA_742	19	pD
tRNA_742	25	pm2,2G
tRNA_742	36	pt6A
tRNA_742	45	pm7G
tRNA_742	46	pacp3U
tRNA_742	53	pm5U
tRNA_742	54	pY
tRNA_398	15	pG+
tRNA_398	38	pm1G
tRNA_398	40	pY
tRNA_398	49	pm5C
tRNA_398	55	pm1Y
tRNA_398	56	pY
tRNA_398	57	pCm
tRNA_398	58	pm1I
tRNA_130	9	pm1G
tRNA_130	13	pY
tRNA_130	16	pD
tRNA_130	20	pD
tRNA_130	21	pD
tRNA_130	28	pY
tRNA_130	33	pY
tRNA_130	35	pI
tRNA_130	47	pm7G
tRNA_130	48	pD
tRNA_130	50	pm5C
tRNA_130	55	pm5U
tRNA_130	56	pY
tRNA_130	59	pm1A
tRNA_375	10	pm2G
tRNA_375	17	pD
tRNA_375	20	pD
tRNA_375	26	pm2,2G
tRNA_375	32	pUm
tRNA_375	34	pI
tRNA_375	37	pm1I
tRNA_375	38	pY
tRNA_375	39	pGm
tRNA_375	46	pm7G
tRNA_375	55	pY
tRNA_375	58	pm1A
tRNA_735	9	pm1A
tRNA_735	25	pY
tRNA_735	27	xU
tRNA_735	28	xG
tRNA_735	37	pm1Y
tRNA_735	62	pY
tRNA_468	10	pm2G
tRNA_468	16	pD
tRNA_468	20	pD
tRNA_468	27	pY
tRNA_468	37	pt6A
tRNA_468	39	pY
tRNA_468	46	pm7G
tRNA_468	47	pD
tRNA_468	54	pm5Um
tRNA_468	55	pY
tRNA_468	58	pm1A
tRNA_737	6	pm2G
tRNA_737	9	pm1A
tRNA_737	31	ptm5U
tRNA_737	37	pY
tRNA_28	8	ps4U
tRNA_28	16	pD
tRNA_28	20	pD
tRNA_28	32	pY
tRNA_28	37	pms2i6A
tRNA_28	39	pY
tRNA_28	46	pm7G
tRNA_28	47	pacp3U
tRNA_28	54	pm5U
tRNA_28	55	pY
tRNA_993	16	pm1A
tRNA_993	24	pY
tRNA_993	46	pY
tRNA_105	4	pCm
tRNA_105	9	pm1G
tRNA_105	13	pY
tRNA_105	16	pD
tRNA_105	19	pD
tRNA_105	31	pY
tRNA_105	33	xU
tRNA_105	36	pm1G
tRNA_105	37	pY
tRNA_105	45	pm7G
tRNA_105	53	pm5U
tRNA_105	54	pY
tRNA_105	57	pm1A
tRNA_599	9	pm1G
tRNA_599	13	pY
tRNA_599	53	pm5C
tRNA_599	56	pm1Y
tRNA_599	57	pY
tRNA_599	58	pCm
tRNA_599	59	pm1I
tRNA_488	10	pm2G
tRNA_488	12	pac4C
tRNA_488	17	pGm
tRNA_488	19	pD
tRNA_488	20	pD
tRNA_488	27	pm2,2G
tRNA_488	33	pCm
tRNA_488	35	pCm
tRNA_488	38	pm1G
tRNA_488	40	pY
tRNA_488	57	pm5C
tRNA_488	63	pm5U
tRNA_488	64	pY
tRNA_488	67	pm1A
tRNA_8	8	ps4U
tRNA_8	16	pD
tRNA_8	20	pD
tRNA_8	21	pD
tRNA_8	35	pgluQ
tRNA_8	38	pm2A
tRNA_8	47	pm7G
tRNA_8	55	pm5U
tRNA_8	56	pY
tRNA_8	66	pY
tRNA_1391	7	ps4U
tRNA_1391	32	pm5C
tRNA_1391	54	pm5U
tRNA_1391	55	pY
tRNA_1421	7	ps4U
tRNA_1421	29	pY
tRNA_1421	34	pms2i6A
tRNA_1421	36	pY
tRNA_1421	43	pm7G
tRNA_1421	51	pm5U
tRNA_1421	52	pY
tRNA_855	18	pGm
tRNA_855	20	pD
tRNA_855	37	pm7G
tRNA_855	38	pm1G
tRNA_855	62	pm5U
tRNA_855	63	pY
tRNA_1002	32	pm3C
tRNA_1002	47	pm3C
tRNA_1334	7	ps4U
tRNA_1334	32	pm5C
tRNA_1334	54	pm5U
tRNA_1334	55	pY
tRNA_946	35	pac4C
tRNA_946	38	pm6A
tRNA_946	47	pm7G
tRNA_781	9	pm1G
tRNA_781	10	pm2G
tRNA_781	21	pD
tRNA_781	29	pY
tRNA_781	36	ptm5U
tRNA_781	50	pm5C
tRNA_781	56	pm5U
tRNA_781	57	pY
tRNA_781	60	pm1A
tRNA_938	33	pmo5U
tRNA_938	36	pm6A
tRNA_949	33	pUm
tRNA_949	38	pi6A
tRNA_949	70	pm1A
tRNA_949	71	pm1A
tRNA_525	9	pm1G
tRNA_525	10	pm2G
tRNA_525	16	pD
tRNA_525	20	pD
tRNA_525	21	pacp3U
tRNA_525	27	pm2,2G
tRNA_525	28	pY
tRNA_525	29	pY
tRNA_525	35	pQ
tRNA_525	38	pt6A
tRNA_525	47	pm7G
tRNA_525	48	pD
tRNA_525	55	N
tRNA_525	56	pY
tRNA_525	59	pm1A
tRNA_725	18	pGm
tRNA_725	20	pD
tRNA_725	37	pms2i6A
tRNA_725	46	pm7G
tRNA_725	47	pacp3U
tRNA_725	54	pm5U
tRNA_725	55	pY
tRNA_446	14	pY
tRNA_446	17	pD
tRNA_446	20	pD
tRNA_446	21	pD
tRNA_446	33	pY
tRNA_446	38	pm1G
tRNA_446	49	pm5C
tRNA_446	55	pY
tRNA_446	58	pm1A
tRNA_205	20	pD
tRNA_205	21	pD
tRNA_205	23	pm1A
tRNA_205	38	pm1G
tRNA_205	40	pY
tRNA_205	56	pY
tRNA_917	4	pm1G
tRNA_917	13	pCm
tRNA_917	17	pD
tRNA_917	20	pD
tRNA_1158	9	pm1G
tRNA_1158	10	pm2G
tRNA_1158	16	pD
tRNA_1158	25	pm2,2G
tRNA_1158	36	pt6A
tRNA_1158	45	pm7G
tRNA_1158	46	pD
tRNA_1158	47	pm5C
tRNA_1158	48	pm5C
tRNA_1158	57	pm1A
tRNA_1158	63	pAr(p)
tRNA_1402	49	pm5U
tRNA_1402	50	pY
tRNA_554	17	pGm
tRNA_554	20	pD
tRNA_554	34	xU
tRNA_554	40	pY
tRNA_554	53	pm5U
tRNA_554	54	pY
tRNA_954	35	pmo5U
tRNA_954	38	pm1G
tRNA_954	47	pm7G
tRNA_465	10	pm2G
tRNA_465	16	pD
tRNA_465	20	pD
tRNA_465	27	pY
tRNA_465	37	pt6A
tRNA_465	39	pY
tRNA_465	46	pm7G
tRNA_465	47	pD
tRNA_465	48	pm5C
tRNA_465	54	pm5Um
tRNA_465	55	pY
tRNA_465	58	pm1A
tRNA_590	9	pm1A
tRNA_590	10	pm2G
tRNA_590	21	pD
tRNA_590	29	pm2G
tRNA_590	31	pY
tRNA_590	35	pm3C
tRNA_590	40	xA
tRNA_590	56	pm5U
tRNA_590	57	pY
tRNA_590	60	pm1A
tRNA_40	16	pD
tRNA_40	17	pD
tRNA_40	20	pD
tRNA_40	37	pm6t6A
tRNA_40	46	pm7G
tRNA_40	54	pm5U
tRNA_40	55	pY
tRNA_42	8	ps4U
tRNA_42	16	pD
tRNA_42	17	pD
tRNA_42	20	pD
tRNA_42	32	pCm
tRNA_42	37	pms2i6A
tRNA_42	46	pm7G
tRNA_42	54	pm5U
tRNA_42	55	pY
tRNA_906	21	pD
tRNA_906	47	pm7G
tRNA_614	13	pY
tRNA_614	16	pD
tRNA_614	19	pD
tRNA_614	20	pD
tRNA_614	26	pm2G
tRNA_614	27	pY
tRNA_614	34	N
tRNA_614	46	pm7G
tRNA_614	47	pD
tRNA_614	48	pm5C
tRNA_614	49	pm5C
tRNA_614	55	pY
tRNA_614	58	pm1A
tRNA_568	15	pG+
tRNA_568	29	pm2,2G
tRNA_568	40	pt6A
tRNA_568	60	pm5C
tRNA_568	61	pm5C
tRNA_568	66	pm1Y
tRNA_568	67	pY
tRNA_568	68	pCm
tRNA_1221	9	pm1G
tRNA_1221	10	pm2G
tRNA_1221	23	pY
tRNA_1221	24	pY
tRNA_1221	30	pQ
tRNA_1221	33	pms2i6A
tRNA_1221	35	pY
tRNA_1221	43	pm5C
tRNA_566	8	ps4U
tRNA_566	17	pGm
tRNA_566	19	pD
tRNA_566	20	pD
tRNA_566	33	pCm
tRNA_566	35	xU
tRNA_566	38	pms2i6A
tRNA_566	68	pm5U
tRNA_566	69	pY
tRNA_1201	10	pm2G
tRNA_1201	16	pD
tRNA_1201	17	pD
tRNA_1201	26	pm2,2G
tRNA_1201	32	pCm
tRNA_1201	37	pms2i6A
tRNA_1201	46	pm7G
tRNA_1201	49	pm5C
tRNA_1201	54	pm5U
tRNA_1201	55	pY
tRNA_1201	58	pm1A
tRNA_451	27	pm2,2G
tRNA_451	29	pY
tRNA_451	38	pt6A
tRNA_451	41	pm5C
tRNA_451	50	pm5C
tRNA_451	55	pm1Y
tRNA_451	56	pY
tRNA_451	57	pCm
tRNA_451	58	pm1I
tRNA_538	4	pCm
tRNA_538	9	pm1G
tRNA_538	13	pY
tRNA_538	16	pD
tRNA_538	19	pD
tRNA_538	33	pncm5U
tRNA_538	36	pm1G
tRNA_538	37	pY
tRNA_538	39	pY
tRNA_538	45	pm7G
tRNA_538	46	pD
tRNA_538	47	pm5C
tRNA_538	48	pm5C
tRNA_538	53	pm5U
tRNA_538	54	pY
tRNA_538	57	pm1A
tRNA_452	15	pG+
tRNA_452	28	pm2,2G
tRNA_452	36	xU
tRNA_452	39	pt6A
tRNA_452	50	pm5C
tRNA_452	56	pm1Y
tRNA_452	57	pY
tRNA_452	58	pCm
tRNA_1216	9	pm1G
tRNA_1216	20	pD
tRNA_1216	33	pY
tRNA_1216	34	ptm5s2U
tRNA_1216	37	pm1G
tRNA_1216	39	pY
tRNA_1216	40	pY
tRNA_1216	53	pm5U
tRNA_1216	54	pY
tRNA_576	12	pac4C
tRNA_576	16	pD
tRNA_576	19	pD
tRNA_576	20	pD
tRNA_576	26	pm2,2G
tRNA_576	32	pm3C
tRNA_576	37	pi6A
tRNA_576	44	pUm
tRNA_576	57	pm5C
tRNA_576	63	pm5U
tRNA_576	64	pY
tRNA_576	67	pm1A
tRNA_1452	6	ps4U
tRNA_1452	12	pm2,2G
tRNA_1452	15	pY
tRNA_1452	17	pG+
tRNA_1452	19	pCm
tRNA_1452	30	pm2,2G
tRNA_1452	36	pCm
tRNA_1452	38	pUm
tRNA_1452	52	pm5C
tRNA_1452	53	pm5C
tRNA_1452	59	pY
tRNA_1452	60	pCm
tRNA_1452	61	pm1I
tRNA_1452	62	pm1A
tRNA_1432	31	pY
tRNA_1432	36	pms2i6A
tRNA_1432	38	pY
tRNA_1432	53	pm5U
tRNA_782	10	pm2G
tRNA_782	16	pD
tRNA_782	17	pD
tRNA_782	18	pGm
tRNA_782	20	pD
tRNA_782	21	pD
tRNA_782	28	pY
tRNA_782	32	pY
tRNA_782	38	xA
tRNA_782	47	pm7G
tRNA_782	48	pD
tRNA_782	55	pm5U
tRNA_782	56	pY
tRNA_1122	8	ps4U
tRNA_1122	21	pD
tRNA_1122	33	pCm
tRNA_1122	55	pm5U
tRNA_1122	56	pY
tRNA_797	16	pD
tRNA_797	17	pGm
tRNA_797	20	pD
tRNA_797	27	pY
tRNA_797	28	pY
tRNA_797	35	pI
tRNA_797	38	xA
tRNA_797	47	pm7G
tRNA_797	48	pD
tRNA_797	55	pm5U
tRNA_797	56	pY
tRNA_1148	36	pt6A
tRNA_110	12	pac4C
tRNA_110	16	pD
tRNA_110	17	pGm
tRNA_110	19	pD
tRNA_110	20	pD
tRNA_110	26	pm2,2G
tRNA_110	32	pm3C
tRNA_110	34	pncm5U
tRNA_110	37	pi6A
tRNA_110	39	pY
tRNA_110	44	pUm
tRNA_110	57	pm5C
tRNA_110	63	pm5U
tRNA_110	64	pY
tRNA_516	37	pt6A
tRNA_516	48	pm5C
tRNA_516	54	pm1Y
tRNA_516	55	pY
tRNA_516	56	pCm
tRNA_536	8	ps4U
tRNA_536	21	pD
tRNA_536	33	pCm
tRNA_536	38	pm1G
tRNA_536	40	pY
tRNA_536	47	pm7G
tRNA_536	55	pm5U
tRNA_536	56	pY
tRNA_1422	8	ps4U
tRNA_1422	29	pY
tRNA_1422	34	pms2i6A
tRNA_1422	36	pY
tRNA_1422	43	pm7G
tRNA_1422	51	pm5U
tRNA_1422	52	pY
tRNA_885	9	pm1A
tRNA_885	10	pm2G
tRNA_885	22	pY
tRNA_885	23	pY
tRNA_885	29	ptm5s2U
tRNA_885	32	pt6A
tRNA_178	20	pD
tRNA_178	37	pt6A
tRNA_178	46	pm7G
tRNA_178	54	pm5U
tRNA_178	55	pY
tRNA_574	12	pac4C
tRNA_574	16	pD
tRNA_574	17	pGm
tRNA_574	19	pD
tRNA_574	20	pD
tRNA_574	26	pm2,2G
tRNA_574	32	pY
tRNA_574	34	pI
tRNA_574	37	pi6A
tRNA_574	39	pY
tRNA_574	44	pUm
tRNA_574	57	pm5C
tRNA_574	63	pm5U
tRNA_574	64	pY
tRNA_574	67	pm1A
tRNA_678	10	pm2G
tRNA_678	12	pac4C
tRNA_678	16	pD
tRNA_678	19	pD
tRNA_678	21	pacp3U
tRNA_678	27	pm2,2G
tRNA_678	33	pUm
tRNA_678	38	pm1G
tRNA_678	39	pY
tRNA_678	45	pUm
tRNA_678	47	pY
tRNA_678	57	pm5C
tRNA_678	63	pm5U
tRNA_678	64	pY
tRNA_678	67	pm1A
tRNA_1367	7	ps4U
tRNA_1367	32	pm5C
tRNA_1367	54	pm5U
tRNA_1367	55	pY
tRNA_496	12	pac4C
tRNA_496	16	pD
tRNA_496	19	pD
tRNA_496	21	pacp3U
tRNA_496	27	pm2,2G
tRNA_496	35	N
tRNA_496	38	pm1G
tRNA_496	40	pY
tRNA_496	45	pUm
tRNA_496	59	pm5C
tRNA_496	65	pm5U
tRNA_496	66	pY
tRNA_496	69	pm1A
tRNA_818	16	pD
tRNA_818	19	pD
tRNA_818	25	pm2G
tRNA_818	26	pY
tRNA_818	30	pY
tRNA_818	37	pm1G
tRNA_818	38	pY
tRNA_818	53	pm5U
tRNA_818	54	pY
tRNA_527	4	pUm
tRNA_527	6	pm2G
tRNA_527	9	pm1G
tRNA_527	13	pY
tRNA_527	19	pD
tRNA_527	31	pUm
tRNA_527	33	pI
tRNA_527	36	pm1G
tRNA_527	37	pY
tRNA_527	45	pm7G
tRNA_527	46	pD
tRNA_527	47	pm5C
tRNA_527	48	pm5C
tRNA_527	53	pY
tRNA_527	54	pY
tRNA_527	57	pm1A
tRNA_1419	7	ps4U
tRNA_1419	29	pY
tRNA_1419	34	pms2i6A
tRNA_1419	36	pY
tRNA_1419	43	pm7G
tRNA_1419	51	pm5U
tRNA_1419	52	pY
tRNA_1364	46	pm5U
tRNA_1364	47	pY
tRNA_529	8	ps4U
tRNA_529	21	pD
tRNA_529	33	pUm
tRNA_529	35	xU
tRNA_529	38	pm1G
tRNA_529	40	pY
tRNA_529	47	pm7G
tRNA_529	55	pm5U
tRNA_529	56	pY
tRNA_652	8	ps4U
tRNA_652	17	pGm
tRNA_652	23	pm1A
tRNA_652	35	pQ
tRNA_652	38	pms2i6A
tRNA_652	40	pY
tRNA_652	63	pm5U
tRNA_652	64	pY
tRNA_492	10	pm2G
tRNA_492	12	pac4C
tRNA_492	16	pD
tRNA_492	19	pD
tRNA_492	21	pacp3U
tRNA_492	27	pm2,2G
tRNA_492	35	N
tRNA_492	38	pm1G
tRNA_492	39	pY
tRNA_492	40	pY
tRNA_492	45	pUm
tRNA_492	59	pm5C
tRNA_492	65	pm5U
tRNA_492	66	pY
tRNA_492	69	pm1A
tRNA_622	9	pm1G
tRNA_622	10	pm2G
tRNA_622	17	pGm
tRNA_622	19	pD
tRNA_622	25	pm2,2G
tRNA_622	26	pY
tRNA_622	31	pCm
tRNA_622	33	pCm
tRNA_622	36	pm1G
tRNA_622	38	pYm
tRNA_622	45	pm7G
tRNA_622	53	pY
tRNA_622	54	pY
tRNA_622	57	pm1A
tRNA_453	8	ps4U
tRNA_453	17	pD
tRNA_453	20	pD
tRNA_453	21	pD
tRNA_453	38	pt6A
tRNA_453	47	pm7G
tRNA_453	56	pY
tRNA_592	16	pD
tRNA_592	20	pD
tRNA_592	34	xU
tRNA_592	37	xA
tRNA_592	39	pY
tRNA_592	46	pm7G
tRNA_592	54	pm5U
tRNA_592	55	pY
tRNA_828	19	pGm
tRNA_828	21	pD
tRNA_828	27	pm2G
tRNA_828	28	pY
tRNA_828	32	pY
tRNA_828	38	xA
tRNA_828	48	N
tRNA_828	55	pm5U
tRNA_828	56	pY
tRNA_966	13	pCm
tRNA_966	17	pD
tRNA_966	20	pD
tRNA_966	46	pm7G
tRNA_966	58	pm1A
tRNA_531	10	pm2,2G
tRNA_531	13	pY
tRNA_531	15	pG+
tRNA_531	35	pac4C
tRNA_531	38	pm1G
tRNA_531	39	pY
tRNA_531	48	pm5C
tRNA_531	49	pm5C
tRNA_531	54	pm1Y
tRNA_531	55	pY
tRNA_531	56	pCm
tRNA_932	13	pCm
tRNA_932	18	pm2G
tRNA_932	20	pD
tRNA_932	21	pD
tRNA_392	13	pY
tRNA_392	17	pD
tRNA_392	20	pD
tRNA_392	21	pY
tRNA_392	36	pY
tRNA_392	49	pm5C
tRNA_392	54	pm5U
tRNA_392	55	pY
tRNA_392	58	pm1A
tRNA_211	17	pD
tRNA_211	20	pD
tRNA_211	21	pD
tRNA_211	38	pt6A
tRNA_211	47	pm7G
tRNA_211	56	pY
tRNA_925	19	pD
tRNA_925	20	pD
tRNA_427	10	pm2G
tRNA_427	13	pY
tRNA_427	47	pm5C
tRNA_427	52	pm1Y
tRNA_427	53	pY
tRNA_427	54	pCm
tRNA_427	55	pm1I
tRNA_910	21	pCm
tRNA_910	32	pCm
tRNA_910	57	pm1A
tRNA_910	58	pm1A
tRNA_1461	6	ps4U
tRNA_1461	31	pm5C
tRNA_1461	53	pm5U
tRNA_1461	54	pY
tRNA_191	8	ps4U
tRNA_191	19	pD
tRNA_191	21	pm1A
tRNA_191	33	pcmnm5s2U
tRNA_191	36	pm6A
tRNA_191	54	pY
tRNA_443	10	N
tRNA_443	11	pm2,2G
tRNA_443	14	pY
tRNA_443	39	pm1G
tRNA_443	55	pm1Y
tRNA_443	56	pY
tRNA_443	57	pCm
tRNA_208	8	ps4U
tRNA_208	17	pD
tRNA_208	20	pD
tRNA_208	21	pD
tRNA_208	35	pk2C
tRNA_208	38	pm6A
tRNA_208	47	pm7G
tRNA_208	56	pY
tRNA_848	16	pD
tRNA_848	17	pGm
tRNA_848	19	pD
tRNA_848	27	pm2G
tRNA_848	35	N
tRNA_848	38	xA
tRNA_848	40	pY
tRNA_848	64	pm5U
tRNA_848	65	pY
tRNA_311	17	pD
tRNA_311	34	pmo5U
tRNA_311	37	pm6A
tRNA_311	46	pm7G
tRNA_311	54	pm5U
tRNA_311	55	pY
tRNA_484	16	pD
tRNA_484	19	pD
tRNA_484	36	xA
tRNA_484	38	pY
tRNA_484	63	pm5U
tRNA_484	64	pY
tRNA_844	17	xU
tRNA_844	18	pGm
tRNA_844	20	pD
tRNA_844	33	pY
tRNA_844	38	pms2i6A
tRNA_844	40	pY
tRNA_844	63	pm5U
tRNA_844	64	pY
tRNA_765	18	pGm
tRNA_765	20	pD
tRNA_765	27	pY
tRNA_765	35	xU
tRNA_765	38	xA
tRNA_765	40	pY
tRNA_765	66	pm5U
tRNA_765	67	pY
tRNA_591	12	pac4C
tRNA_591	16	pD
tRNA_591	17	pGm
tRNA_591	19	pD
tRNA_591	20	pD
tRNA_591	28	pY
tRNA_591	39	pY
tRNA_591	44	pUm
tRNA_591	50	pm3C
tRNA_591	57	pm5C
tRNA_591	63	pm5U
tRNA_591	64	pY
tRNA_591	67	pm1A
tRNA_630	8	ps4U
tRNA_630	19	pGm
tRNA_630	21	pD
tRNA_630	33	pCm
tRNA_630	47	pm7G
tRNA_630	55	pm5s2U
tRNA_630	56	pY
tRNA_630	59	pm1A
tRNA_755	10	pm2G
tRNA_755	16	pD
tRNA_755	27	pY
tRNA_755	34	N
tRNA_755	37	N
tRNA_755	39	xU
tRNA_755	46	pm7G
tRNA_755	47	pD
tRNA_755	48	pm5C
tRNA_755	55	pY
tRNA_755	58	pm1A
tRNA_755	67	pm2G
tRNA_755	72	pm5C
tRNA_415	10	pm2G
tRNA_415	16	pD
tRNA_415	17	pD
tRNA_415	26	pm2,2G
tRNA_415	27	pY
tRNA_415	28	pY
tRNA_415	32	pCm
tRNA_415	34	pGm
tRNA_415	37	pm1G
tRNA_415	39	pY
tRNA_415	46	pm7G
tRNA_415	47	pD
tRNA_415	54	pm5U
tRNA_415	55	pY
tRNA_415	58	pm1A
tRNA_147	16	pD
tRNA_147	20	pD
tRNA_147	27	pm2,2G
tRNA_147	32	pY
tRNA_147	35	pcmnm5U
tRNA_147	38	pm1G
tRNA_147	40	pY
tRNA_147	63	pm5U
tRNA_147	64	pY
tRNA_933	21	pD
tRNA_933	59	pm1A
tRNA_1420	8	ps4U
tRNA_1420	29	pY
tRNA_1420	34	pms2i6A
tRNA_1420	36	pY
tRNA_1420	43	pm7G
tRNA_1420	51	pm5U
tRNA_1420	52	pY
tRNA_1447	7	ps4U
tRNA_1447	50	pm5U
tRNA_1447	51	pY
tRNA_439	4	pUm
tRNA_439	9	pm1G
tRNA_439	19	pD
tRNA_439	37	pm5C
tRNA_439	46	pm5C
tRNA_439	47	pm5C
tRNA_439	48	pm5C
tRNA_439	52	pm5U
tRNA_439	53	pY
tRNA_439	56	pm1A
tRNA_1426	8	ps4U
tRNA_1426	29	pY
tRNA_1426	34	pms2i6A
tRNA_1426	36	pY
tRNA_1426	43	pm7G
tRNA_1426	51	pm5U
tRNA_1426	52	pY
tRNA_1129	18	pD
tRNA_1129	52	pm5U
tRNA_1129	53	pY
tRNA_605	9	pm1G
tRNA_605	13	pY
tRNA_605	16	pD
tRNA_605	17	pD
tRNA_605	20	pD
tRNA_605	28	pY
tRNA_605	33	pY
tRNA_605	35	pI
tRNA_605	47	pm7G
tRNA_605	48	pD
tRNA_605	50	pm5C
tRNA_605	55	pm5U
tRNA_605	56	pY
tRNA_605	59	pm1A
tRNA_1414	7	ps4U
tRNA_1414	32	pm5C
tRNA_1414	54	pm5U
tRNA_1414	55	pY
tRNA_520	19	pD
tRNA_520	33	pQ
tRNA_520	36	pt6A
tRNA_520	53	pm5U
tRNA_520	54	pY
tRNA_1448	8	ps4U
tRNA_1448	51	pm5U
tRNA_1448	52	pY
tRNA_657	10	pm2G
tRNA_657	16	pD
tRNA_657	17	pD
tRNA_657	18	pGm
tRNA_657	26	pm2,2G
tRNA_657	35	pY
tRNA_657	37	pm1G
tRNA_657	39	pY
tRNA_657	46	pm7G
tRNA_657	55	pY
tRNA_657	58	pm1A
tRNA_624	13	pY
tRNA_624	15	pG+
tRNA_624	56	pm1Y
tRNA_624	57	pY
tRNA_624	58	pCm
tRNA_624	59	pm1I
tRNA_1207	9	pm1A
tRNA_1207	10	pm2G
tRNA_1207	23	pm2G
tRNA_1207	34	pm1G
tRNA_1207	35	pY
tRNA_1207	36	pY
tRNA_1207	64	pY
tRNA_596	37	xA
tRNA_596	39	pY
tRNA_596	46	pm7G
tRNA_1442	8	ps4U
tRNA_1442	29	pY
tRNA_1442	34	pms2i6A
tRNA_1442	36	pY
tRNA_1442	43	pm7G
tRNA_1442	51	pm5U
tRNA_1442	52	pY
tRNA_1012	8	pm5U
tRNA_1012	12	pm5U
tRNA_1012	16	pm5U
tRNA_1012	20	pm5U
tRNA_1012	27	pm5U
tRNA_1012	33	pm5U
tRNA_1012	34	pm5U
tRNA_1012	35	pm5U
tRNA_1012	36	pm5U
tRNA_1012	37	pms2t6A
tRNA_1012	39	pm5U
tRNA_1012	41	pm5U
tRNA_1012	47	pm5U
tRNA_1012	54	pm5U
tRNA_1012	55	pm5U
tRNA_1012	58	pm1A
tRNA_1012	60	pm5U
tRNA_1012	64	pm5U
tRNA_1012	66	pm5U
tRNA_1012	67	pm5U
tRNA_1355	6	ps4U
tRNA_1355	31	pm5C
tRNA_1355	53	pm5U
tRNA_1355	54	pY
tRNA_462	6	pm2G
tRNA_462	10	pm2G
tRNA_462	16	pD
tRNA_462	20	pD
tRNA_462	27	pY
tRNA_462	36	xU
tRNA_462	37	pt6A
tRNA_462	39	pY
tRNA_462	46	pm7G
tRNA_462	47	pD
tRNA_462	48	pm5C
tRNA_462	54	pm5Um
tRNA_462	55	pY
tRNA_462	58	pm1A
tRNA_1331	7	ps4U
tRNA_1331	32	pm5C
tRNA_1331	54	pm5U
tRNA_1331	55	pY
tRNA_1008	32	pm3C
tRNA_1008	47	pm3C
tRNA_823	9	pm1A
tRNA_823	10	pm2G
tRNA_823	26	pY
tRNA_1188	10	pm2G
tRNA_1188	16	pD
tRNA_1188	17	pD
tRNA_1188	26	pm2,2G
tRNA_1188	32	pCm
tRNA_1188	34	pGm
tRNA_1188	37	pyW
tRNA_1188	39	pY
tRNA_1188	40	pm5C
tRNA_1188	46	pm7G
tRNA_1188	49	pm5C
tRNA_1188	54	pm5U
tRNA_1188	55	pY
tRNA_1188	58	pm1A
tRNA_1326	7	ps4U
tRNA_1326	31	pY
tRNA_1326	45	pm7G
tRNA_1326	53	pm5U
tRNA_1326	54	pY
tRNA_290	20	pD
tRNA_290	23	pm1A
tRNA_290	38	pt6A
tRNA_290	69	pm5U
tRNA_290	70	pY
tRNA_958	46	pm7G
tRNA_1276	6	ps4U
tRNA_1276	19	pD
tRNA_1276	31	pCm
tRNA_1276	53	pm5U
tRNA_1276	54	pY
tRNA_658	10	pm2G
tRNA_658	16	pD
tRNA_658	17	pD
tRNA_658	18	pGm
tRNA_658	26	pm2,2G
tRNA_658	35	pY
tRNA_658	37	pm1G
tRNA_658	39	pY
tRNA_658	46	pm7G
tRNA_658	47	pacp3U
tRNA_658	55	pY
tRNA_658	58	pm1A
tRNA_1164	10	pm2G
tRNA_1164	16	pD
tRNA_1164	17	pD
tRNA_1164	26	pm2,2G
tRNA_1164	32	pCm
tRNA_1164	34	pGm
tRNA_1164	37	pyW
tRNA_1164	39	pY
tRNA_1164	40	pm5C
tRNA_1164	46	pm7G
tRNA_1164	49	pm5C
tRNA_1164	54	pm5U
tRNA_1164	55	pY
tRNA_1164	58	pm1A
tRNA_976	13	pCm
tRNA_976	17	pD
tRNA_976	37	pt6A
tRNA_976	46	pm7G
tRNA_430	15	xG
tRNA_430	54	pY
tRNA_430	55	pY
tRNA_430	56	pCm
tRNA_430	57	pm1I
tRNA_819	9	pm1A
tRNA_819	29	pm3C
tRNA_819	34	pt6A
tRNA_819	64	pY
tRNA_819	69	pm5C
tRNA_676	14	pD
tRNA_676	31	pY
tRNA_676	32	pY
tRNA_676	48	pm5U
tRNA_676	49	pY
tRNA_760	9	pm1A
tRNA_760	10	pm2G
tRNA_760	19	pm2G
tRNA_760	20	pY
tRNA_760	27	xU
tRNA_760	30	pt6A
tRNA_475	6	pm2G
tRNA_475	10	pm2G
tRNA_475	16	pD
tRNA_475	20	pD
tRNA_475	27	pY
tRNA_475	36	xU
tRNA_475	37	pt6A
tRNA_475	39	pY
tRNA_475	46	pm7G
tRNA_475	47	pD
tRNA_475	48	pm5C
tRNA_475	54	pm5Um
tRNA_475	55	pY
tRNA_475	58	pm1A
tRNA_937	21	pD
tRNA_937	33	pCm
tRNA_937	59	pm1A
tRNA_1407	6	ps4U
tRNA_1407	31	pm5C
tRNA_1407	53	pm5U
tRNA_1407	54	pY
tRNA_1	17	pD
tRNA_1	34	pcmo5U
tRNA_1	46	pm7G
tRNA_1	54	pm5U
tRNA_1	55	pY
tRNA_681	10	pm2G
tRNA_681	12	pac4C
tRNA_681	16	pD
tRNA_681	19	pD
tRNA_681	21	pacp3U
tRNA_681	27	pm2,2G
tRNA_681	38	pm1G
tRNA_681	39	pY
tRNA_681	40	pY
tRNA_681	45	pUm
tRNA_681	47	pY
tRNA_681	57	pm5C
tRNA_681	63	pm5U
tRNA_681	64	pY
tRNA_681	67	pm1A
tRNA_504	6	pm2G
tRNA_504	10	pm2G
tRNA_504	12	pac4C
tRNA_504	19	pD
tRNA_504	20	pD
tRNA_504	27	pm2,2G
tRNA_504	33	pUm
tRNA_504	38	pm1G
tRNA_504	39	N
tRNA_504	45	pUm
tRNA_504	47	pY
tRNA_504	57	pm5C
tRNA_504	63	pm5U
tRNA_504	64	pY
tRNA_504	67	pm1A
tRNA_1009	32	pm3C
tRNA_1009	47	pm3C
tRNA_1185	10	pm2G
tRNA_1185	16	pD
tRNA_1185	17	pD
tRNA_1185	26	pm2,2G
tRNA_1185	32	pCm
tRNA_1185	34	pGm
tRNA_1185	37	pyW
tRNA_1185	39	pY
tRNA_1185	40	pm5C
tRNA_1185	46	pm7G
tRNA_1185	49	pm5C
tRNA_1185	54	pm5U
tRNA_1185	55	pY
tRNA_1185	58	pm1A
tRNA_1260	13	pY
tRNA_1260	16	pD
tRNA_1260	19	pD
tRNA_1260	32	pY
tRNA_1260	37	pm1G
tRNA_1260	48	pm5C
tRNA_1260	53	pm5U
tRNA_1260	54	pY
tRNA_1003	37	pm6t6A
tRNA_1003	47	pm3C
tRNA_583	16	pD
tRNA_583	17	pGm
tRNA_583	19	pD
tRNA_583	20	pD
tRNA_583	26	pm2,2G
tRNA_583	32	pm3C
tRNA_583	34	pI
tRNA_583	37	pi6A
tRNA_583	39	pY
tRNA_583	44	pUm
tRNA_583	63	pm5U
tRNA_583	64	pY
tRNA_583	67	pm1A
tRNA_942	21	pD
tRNA_942	38	pm1G
tRNA_942	59	pm1A
tRNA_942	60	pm1A
tRNA_298	17	pD
tRNA_298	20	pD
tRNA_298	34	pmo5U
tRNA_298	37	pt6A
tRNA_298	39	pY
tRNA_298	46	pm7G
tRNA_298	54	pm5U
tRNA_298	55	pY
tRNA_950	33	pUm
tRNA_950	38	pms2i6A
tRNA_950	70	pm1A
tRNA_950	71	pm1A
tRNA_1190	10	pm2G
tRNA_1190	16	pD
tRNA_1190	17	pD
tRNA_1190	26	pm2,2G
tRNA_1190	32	pCm
tRNA_1190	34	pGm
tRNA_1190	37	pyW
tRNA_1190	39	pY
tRNA_1190	40	pm5C
tRNA_1190	46	pm7G
tRNA_1190	49	pm5C
tRNA_1190	54	pm5U
tRNA_1190	55	pY
tRNA_1190	58	pm1A
tRNA_518	15	xG
tRNA_518	36	xG
tRNA_518	39	pt6A
tRNA_518	56	pY
tRNA_518	57	pY
tRNA_518	58	pCm
tRNA_518	59	pm1I
tRNA_1436	7	ps4U
tRNA_1436	32	pm5C
tRNA_1436	54	pm5U
tRNA_1436	55	pY
tRNA_587	12	pac4C
tRNA_587	16	pD
tRNA_587	17	pGm
tRNA_587	19	pD
tRNA_587	20	pD
tRNA_587	26	pm2,2G
tRNA_587	27	pY
tRNA_587	28	pY
tRNA_587	32	pm3C
tRNA_587	37	pm6t6A
tRNA_587	39	pY
tRNA_587	44	pUm
tRNA_587	50	pm3C
tRNA_587	57	pm5C
tRNA_587	63	pm5U
tRNA_587	64	pY
tRNA_587	67	pm1A
tRNA_252	17	pD
tRNA_252	20	pD
tRNA_252	34	pGm
tRNA_252	37	pms2i6A
tRNA_252	39	pY
tRNA_252	46	pm7G
tRNA_252	54	pm5U
tRNA_252	55	pY
tRNA_444	11	pm2,2G
tRNA_444	14	pY
tRNA_444	39	pm1G
tRNA_444	55	pY
tRNA_444	56	pY
tRNA_444	57	pCm
tRNA_635	9	pm1G
tRNA_635	10	pm2G
tRNA_635	16	pD
tRNA_635	24	pY
tRNA_635	25	pm2G
tRNA_635	27	pY
tRNA_635	36	pt6A
tRNA_635	45	pm7G
tRNA_635	46	pD
tRNA_635	47	pm5C
tRNA_635	57	pm1A
tRNA_635	63	xG
tRNA_944	8	ps4U
tRNA_944	34	pcmnm5s2U
tRNA_944	37	pt6A
tRNA_944	46	pm7G
tRNA_944	66	pm6A
tRNA_886	9	pm1A
tRNA_886	25	pY
tRNA_886	26	pY
tRNA_886	30	pY
tRNA_886	35	pm1G
tRNA_886	36	pY
tRNA_886	50	pm5U
tRNA_886	51	pY
tRNA_754	9	pm1G
tRNA_754	25	pY
tRNA_754	34	pt6A
tRNA_754	63	pY
tRNA_754	64	pY
tRNA_95	9	pm1G
tRNA_95	10	pm2G
tRNA_95	16	pD
tRNA_95	20	pD
tRNA_95	26	pm2,2G
tRNA_95	27	pY
tRNA_95	37	pt6A
tRNA_95	39	pY
tRNA_95	46	pm7G
tRNA_95	54	pm5U
tRNA_95	55	pY
tRNA_95	58	pm1A
tRNA_232	17	pD
tRNA_232	23	pm1A
tRNA_232	35	pCm
tRNA_232	38	pm6A
tRNA_232	40	pY
tRNA_232	64	pY
tRNA_598	9	pm1G
tRNA_598	13	pY
tRNA_598	53	pm5C
tRNA_598	56	pm1Y
tRNA_598	57	pY
tRNA_598	58	pCm
tRNA_598	59	pm1I
tRNA_1011	37	pm6t6A
tRNA_1011	47	pm3C
tRNA_1462	7	ps4U
tRNA_1462	32	pm5C
tRNA_1462	54	pm5U
tRNA_1462	55	pY
tRNA_99	10	pm2G
tRNA_99	16	pD
tRNA_99	26	pm2,2G
tRNA_99	27	pY
tRNA_99	31	pY
tRNA_99	37	pt6A
tRNA_99	39	pY
tRNA_99	46	pm7G
tRNA_99	47	pD
tRNA_99	48	pm5C
tRNA_99	54	pm5U
tRNA_99	55	pY
tRNA_99	58	pm1A
tRNA_1410	7	ps4U
tRNA_1410	32	pm5C
tRNA_1410	54	pm5U
tRNA_1410	55	pY
tRNA_541	43	pY
tRNA_541	56	pm5U
tRNA_541	57	pY
tRNA_733	16	pD
tRNA_733	17	pGm
tRNA_733	19	pD
tRNA_733	20	pD
tRNA_733	32	pY
tRNA_733	39	pY
tRNA_733	53	pm5U
tRNA_733	54	pY
tRNA_992	20	pD
tRNA_992	32	pCm
tRNA_992	34	pcmo5U
tRNA_992	37	pt6A
tRNA_992	46	pm7G
tRNA_992	54	pm5U
tRNA_992	55	pY
tRNA_305	19	pD
tRNA_305	33	pCm
tRNA_305	36	pm6A
tRNA_305	45	pm7G
tRNA_305	54	pY
tRNA_242	17	pD
tRNA_242	38	pm1G
tRNA_242	40	pY
tRNA_242	64	pm5U
tRNA_242	65	pY
tRNA_1139	13	pY
tRNA_1139	16	pD
tRNA_1139	19	pD
tRNA_1139	32	pY
tRNA_1139	37	pm1G
tRNA_1139	48	pm5C
tRNA_1139	53	pm5U
tRNA_1139	54	pY
tRNA_637	1	pY
tRNA_637	10	pm2G
tRNA_637	16	pD
tRNA_637	25	pm2,2G
tRNA_637	36	pi6A
tRNA_637	45	pm7G
tRNA_637	48	pm5C
tRNA_637	57	pm1A
tRNA_601	13	pY
tRNA_601	15	pG+
tRNA_601	50	pm5C
tRNA_601	56	pm1Y
tRNA_601	57	pY
tRNA_601	58	pCm
tRNA_394	9	pm1G
tRNA_394	13	pY
tRNA_394	19	pD
tRNA_394	20	pD
tRNA_394	32	pY
tRNA_394	34	pmcm5s2U
tRNA_394	48	pm5C
tRNA_394	49	pm5C
tRNA_394	53	pm5Um
tRNA_394	54	pY
tRNA_1464	7	ps4U
tRNA_1464	32	pm5C
tRNA_1464	54	pm5U
tRNA_1464	55	pY
tRNA_588	4	pGm
tRNA_588	12	pac4C
tRNA_588	17	pGm
tRNA_588	19	pD
tRNA_588	20	pD
tRNA_588	26	pm2,2G
tRNA_588	32	pm3C
tRNA_588	34	pI
tRNA_588	37	pi6A
tRNA_588	39	pY
tRNA_588	44	pUm
tRNA_588	50	pm3C
tRNA_588	57	pm5C
tRNA_588	63	pm5U
tRNA_588	64	pY
tRNA_588	67	pm1A
tRNA_726	11	pm2G
tRNA_726	20	pD
tRNA_726	26	pm2,2G
tRNA_726	37	xA
tRNA_726	41	pY
tRNA_148	16	pD
tRNA_148	19	pD
tRNA_148	27	pY
tRNA_148	30	pY
tRNA_148	33	pcmnm5s2U
tRNA_148	36	pt6A
tRNA_148	53	pm5U
tRNA_148	54	pY
tRNA_763	18	pGm
tRNA_763	20	pD
tRNA_763	37	pm7G
tRNA_763	38	pm1G
tRNA_763	61	pm5U
tRNA_763	62	pY
tRNA_378	55	pm5U
tRNA_378	56	pY
tRNA_378	66	pY
tRNA_1156	8	ps4U
tRNA_1156	33	pCm
tRNA_1156	47	pm7G
tRNA_1156	55	pm5U
tRNA_1156	56	pY
tRNA_907	8	ps4U
tRNA_907	38	pt6A
tRNA_907	47	pm7G
tRNA_368	25	pm2,2G
tRNA_368	47	pm5C
tRNA_368	48	pm5C
tRNA_368	53	pm1Y
tRNA_368	54	pY
tRNA_368	55	pCm
tRNA_368	56	pm1I
tRNA_795	12	pY
tRNA_795	17	pGm
tRNA_795	19	pD
tRNA_795	33	xU
tRNA_795	36	pm1G
tRNA_795	53	pm5U
tRNA_795	54	pY
tRNA_1157	8	ps4U
tRNA_1157	33	pCm
tRNA_1157	47	pm7G
tRNA_1157	55	pm5U
tRNA_1157	56	pY
tRNA_571	22	pD
tRNA_571	25	pm1A
tRNA_571	40	pm6A
tRNA_1261	13	pY
tRNA_1261	16	pD
tRNA_1261	19	pD
tRNA_1261	32	pY
tRNA_1261	37	pm1G
tRNA_1261	48	pm5C
tRNA_1261	53	pm5U
tRNA_1261	54	pY
tRNA_517	15	pG+
tRNA_517	37	pt6A
tRNA_517	48	pm5C
tRNA_517	49	pm5C
tRNA_517	54	pm1Y
tRNA_517	55	pY
tRNA_517	56	pCm
tRNA_532	10	pm2,2G
tRNA_532	13	pY
tRNA_532	36	pm1G
tRNA_532	47	pm5C
tRNA_532	52	pm1Y
tRNA_532	53	pY
tRNA_532	54	pCm
tRNA_467	10	pm2G
tRNA_467	16	pD
tRNA_467	20	pD
tRNA_467	27	pY
tRNA_467	34	pmcm5s2U
tRNA_467	37	pms2t6A
tRNA_467	39	pY
tRNA_467	46	pm7G
tRNA_467	47	pD
tRNA_467	48	pm5C
tRNA_467	49	pm5C
tRNA_467	54	pm5Um
tRNA_467	55	pY
tRNA_467	58	pm1A
tRNA_1425	7	ps4U
tRNA_1425	29	pY
tRNA_1425	34	pms2i6A
tRNA_1425	36	pY
tRNA_1425	43	pm7G
tRNA_1425	51	pm5U
tRNA_1425	52	pY
tRNA_709	16	pD
tRNA_709	20	pD
tRNA_709	40	xU
tRNA_709	48	pm5C
tRNA_709	53	pm5U
tRNA_709	54	pY
tRNA_234	17	pD
tRNA_234	20	pD
tRNA_234	38	pm1G
tRNA_234	40	pY
tRNA_234	65	pm5U
tRNA_234	66	pY
tRNA_234	69	pm1A
tRNA_660	10	pm2G
tRNA_660	16	pD
tRNA_660	17	pD
tRNA_660	18	pGm
tRNA_660	26	pm2,2G
tRNA_660	35	pY
tRNA_660	37	pm1G
tRNA_660	39	pY
tRNA_660	46	pm7G
tRNA_660	55	pY
tRNA_660	58	pm1A
tRNA_1181	10	pm2G
tRNA_1181	16	pD
tRNA_1181	17	pD
tRNA_1181	26	pm2,2G
tRNA_1181	32	pCm
tRNA_1181	34	pGm
tRNA_1181	37	pyW
tRNA_1181	39	pY
tRNA_1181	40	pm5C
tRNA_1181	46	pm7G
tRNA_1181	49	pm5C
tRNA_1181	54	pm5U
tRNA_1181	55	pY
tRNA_1181	58	pm1A
tRNA_294	8	ps4U
tRNA_294	22	pD
tRNA_294	25	pm1A
tRNA_294	40	pm6A
tRNA_294	71	pY
tRNA_403	10	pm2G
tRNA_403	17	pD
tRNA_403	18	pGm
tRNA_403	26	pm2,2G
tRNA_403	27	pY
tRNA_403	28	pY
tRNA_403	32	pCm
tRNA_403	37	pm1G
tRNA_403	39	pY
tRNA_403	46	pm7G
tRNA_403	47	N
tRNA_403	48	pm5C
tRNA_403	54	pm5U
tRNA_403	55	pY
tRNA_403	58	pm1A
tRNA_403	60	pm5C
tRNA_403	61	pCm
tRNA_1144	8	ps4U
tRNA_1144	16	pD
tRNA_1144	20	pD
tRNA_1144	32	pY
tRNA_1144	39	pY
tRNA_1144	53	pm5U
tRNA_1144	54	pY
tRNA_621	7	pm2G
tRNA_621	9	pm1G
tRNA_621	10	pm2G
tRNA_621	16	pD
tRNA_621	17	pGm
tRNA_621	19	pD
tRNA_621	25	pm2,2G
tRNA_621	26	pY
tRNA_621	31	pCm
tRNA_621	33	pCm
tRNA_621	36	pm1G
tRNA_621	38	pYm
tRNA_621	45	pm7G
tRNA_621	46	pD
tRNA_621	53	pY
tRNA_621	54	pY
tRNA_621	57	pm1A
tRNA_393	13	pY
tRNA_393	16	pD
tRNA_393	17	pD
tRNA_393	20	pD
tRNA_393	49	pm5C
tRNA_393	54	pm5U
tRNA_393	55	pY
tRNA_393	58	pm1A
tRNA_1454	8	ps4U
tRNA_1454	29	pY
tRNA_1454	34	pms2i6A
tRNA_1454	36	pY
tRNA_1454	43	pm7G
tRNA_1454	51	pm5U
tRNA_1454	52	pY
tRNA_548	9	pm1G
tRNA_548	13	pY
tRNA_548	16	pD
tRNA_548	17	pGm
tRNA_548	19	pD
tRNA_548	20	pD
tRNA_548	32	pCm
tRNA_548	39	pY
tRNA_548	48	pm5C
tRNA_548	49	pm5C
tRNA_548	53	pY
tRNA_548	54	pY
tRNA_548	57	pm1A
tRNA_421	10	pm2G
tRNA_421	14	pm1A
tRNA_421	16	pD
tRNA_421	17	pD
tRNA_421	26	pm2,2G
tRNA_421	27	pY
tRNA_421	28	pY
tRNA_421	32	pCm
tRNA_421	34	pGm
tRNA_421	37	pyW
tRNA_421	39	pY
tRNA_421	46	pm7G
tRNA_421	49	pm5C
tRNA_421	54	pm5U
tRNA_421	55	pY
tRNA_421	58	pm1A
tRNA_1151	8	ps4U
tRNA_1151	21	pD
tRNA_1151	33	pCm
tRNA_1151	55	pm5U
tRNA_1151	56	pY
tRNA_24	8	ps4U
tRNA_24	16	pD
tRNA_24	18	pGm
tRNA_24	20	pD
tRNA_24	33	pY
tRNA_24	35	pcmnm5Um
tRNA_24	38	pms2i6A
tRNA_24	40	pY
tRNA_24	65	pm5U
tRNA_24	66	pY
tRNA_674	36	pmcm5U
tRNA_674	39	pi6A
tRNA_674	68	pY
tRNA_539	9	pm1G
tRNA_539	13	pY
tRNA_539	16	pD
tRNA_539	19	pD
tRNA_539	33	pI
tRNA_539	36	pm1G
tRNA_539	37	pY
tRNA_539	45	pm7G
tRNA_539	46	pD
tRNA_539	47	pm5C
tRNA_539	53	pm5U
tRNA_539	54	pY
tRNA_539	57	pm1A
tRNA_920	13	pCm
tRNA_920	37	pm1G
tRNA_920	46	pm7G
tRNA_920	58	pm1A
tRNA_979	13	pCm
tRNA_979	20	pD
tRNA_979	37	pt6A
tRNA_979	58	pm1A
tRNA_425	10	pm2G
tRNA_425	13	pY
tRNA_425	46	pm5C
tRNA_425	47	pm5C
tRNA_425	52	pm1Y
tRNA_425	53	pY
tRNA_425	54	pCm
tRNA_425	55	pm1I
tRNA_552	9	pm1G
tRNA_552	13	pY
tRNA_552	17	pGm
tRNA_552	19	pD
tRNA_552	20	pD
tRNA_552	28	pY
tRNA_552	32	pCm
tRNA_552	34	xU
tRNA_552	39	pY
tRNA_552	48	pm5C
tRNA_552	49	pm5C
tRNA_552	53	pY
tRNA_552	54	pY
tRNA_552	57	pm1A
tRNA_1431	31	pY
tRNA_1431	36	pms2i6A
tRNA_1431	38	pY
tRNA_1431	53	pm5U
tRNA_306	20	pD
tRNA_306	34	pcmnm5Um
tRNA_306	37	pm6A
tRNA_306	46	pm7G
tRNA_306	55	pY
tRNA_714	9	pm1A
tRNA_714	24	pY
tRNA_714	31	pQ
tRNA_494	10	pm2G
tRNA_494	12	pac4C
tRNA_494	16	pD
tRNA_494	19	pD
tRNA_494	21	pacp3U
tRNA_494	27	pm2,2G
tRNA_494	33	pY
tRNA_494	35	N
tRNA_494	38	pm1G
tRNA_494	40	pY
tRNA_494	45	pUm
tRNA_494	52	N
tRNA_494	56	pm5C
tRNA_494	63	pY
tRNA_494	66	pm1A
tRNA_581	16	pD
tRNA_581	17	pGm
tRNA_581	19	pD
tRNA_581	20	pD
tRNA_581	26	pm2,2G
tRNA_581	32	pm3C
tRNA_581	34	pI
tRNA_581	37	pio6A
tRNA_581	39	pY
tRNA_581	44	pUm
tRNA_581	63	pm5U
tRNA_581	64	pY
tRNA_581	67	pm1A
tRNA_13	8	ps4U
tRNA_13	19	pD
tRNA_13	52	pm5U
tRNA_13	53	pY
tRNA_250	8	ps4U
tRNA_250	17	pD
tRNA_250	20	pD
tRNA_250	21	pD
tRNA_250	47	pm7G
tRNA_250	56	pY
tRNA_495	12	pac4C
tRNA_495	19	pD
tRNA_495	20	pD
tRNA_495	26	pm2,2G
tRNA_495	34	N
tRNA_495	37	pm1G
tRNA_495	39	pY
tRNA_495	44	pUm
tRNA_495	58	pm5C
tRNA_495	64	pm5U
tRNA_495	65	pY
tRNA_495	68	pm1A
tRNA_304	19	pD
tRNA_304	30	pY
tRNA_304	36	pi6A
tRNA_304	52	pm5U
tRNA_304	53	pY
tRNA_665	6	pm2G
tRNA_665	10	pm2G
tRNA_665	17	pD
tRNA_665	20	pacp3U
tRNA_665	26	pm2,2G
tRNA_665	27	pm2,2G
tRNA_665	34	pgalQ
tRNA_665	35	pY
tRNA_665	37	pm1G
tRNA_665	39	pm1Y
tRNA_665	46	pm7G
tRNA_665	47	pD
tRNA_665	48	pm5C
tRNA_665	54	pm5U
tRNA_665	55	pY
tRNA_665	58	pm1A
tRNA_798	16	pD
tRNA_798	19	pD
tRNA_798	26	pY
tRNA_798	38	pY
tRNA_798	52	pm5U
tRNA_798	53	pY
tRNA_892	9	pm1G
tRNA_892	23	pY
tRNA_892	24	pY
tRNA_892	28	pY
tRNA_892	33	pi6A
tRNA_892	35	pY
tRNA_892	53	pm1A
tRNA_961	3	pUm
tRNA_961	21	pGm
tRNA_961	38	pms2i6A
tRNA_1274	19	pD
tRNA_887	9	pm1A
tRNA_887	10	pm2G
tRNA_887	24	pY
tRNA_887	31	pQ
tRNA_380	8	ps4U
tRNA_380	13	pY
tRNA_380	18	pGm
tRNA_380	20	pD
tRNA_380	21	pD
tRNA_380	41	pY
tRNA_380	55	pm5s2U
tRNA_380	56	pY
tRNA_380	59	pm1A
tRNA_845	10	pm2G
tRNA_845	19	pD
tRNA_845	20	pD
tRNA_845	26	pm2,2G
tRNA_845	28	pY
tRNA_845	34	pQ
tRNA_845	37	xA
tRNA_845	39	pY
tRNA_845	41	pY
tRNA_845	44	pUm
tRNA_845	61	pm5U
tRNA_845	62	pY
tRNA_840	17	pD
tRNA_840	18	pGm
tRNA_840	21	pD
tRNA_840	28	pY
tRNA_840	40	pY
tRNA_840	49	pD
tRNA_840	55	pm5U
tRNA_840	56	pY
tRNA_1198	8	ps4U
tRNA_1198	19	pD
tRNA_1198	20	pD
tRNA_1198	47	pm5C
tRNA_1198	52	pm5U
tRNA_1198	53	pY
tRNA_377	15	pG+
tRNA_377	40	pm1G
tRNA_377	52	pm5C
tRNA_377	58	pm1Y
tRNA_377	59	pY
tRNA_377	60	pCm
tRNA_377	61	pm1I
tRNA_149	16	pD
tRNA_149	17	pD
tRNA_149	20	pD
tRNA_149	32	pY
tRNA_149	38	pt6A
tRNA_149	55	pm5U
tRNA_149	56	pY
tRNA_474	10	pm2G
tRNA_474	16	pD
tRNA_474	27	pY
tRNA_474	37	xA
tRNA_474	39	pY
tRNA_474	46	pm7G
tRNA_474	47	pD
tRNA_474	48	pm5C
tRNA_474	54	pm5Um
tRNA_474	55	pY
tRNA_474	58	pm1A
tRNA_4	17	pD
tRNA_4	21	pD
tRNA_4	33	ps2C
tRNA_4	38	pm1G
tRNA_4	47	pm7G
tRNA_4	55	pm5U
tRNA_4	56	pY
tRNA_609	13	pY
tRNA_609	16	pD
tRNA_609	19	pD
tRNA_609	20	pD
tRNA_609	26	pm2G
tRNA_609	27	pY
tRNA_609	32	pCm
tRNA_609	34	pI
tRNA_609	38	pm5C
tRNA_609	46	pm7G
tRNA_609	47	pD
tRNA_609	48	pm5C
tRNA_609	49	pm5C
tRNA_609	55	pY
tRNA_609	58	pm1A
tRNA_1143	6	pm2G
tRNA_1143	10	pm2G
tRNA_1143	16	pD
tRNA_1143	20	pD
tRNA_1143	27	pY
tRNA_1143	34	pmcm5s2U
tRNA_1143	38	pY
tRNA_1143	45	pm7G
tRNA_1143	46	pD
tRNA_1143	47	pm5C
tRNA_1143	48	pm5C
tRNA_1143	53	pm5Um
tRNA_1143	54	pY
tRNA_1143	57	pm1A
tRNA_761	17	pGm
tRNA_761	19	pD
tRNA_761	34	pCm
tRNA_761	37	xA
tRNA_761	39	pY
tRNA_761	62	pm5U
tRNA_761	63	pY
tRNA_682	12	pac4C
tRNA_682	16	pD
tRNA_682	17	pGm
tRNA_682	19	pD
tRNA_682	20	pD
tRNA_682	26	pm2,2G
tRNA_682	37	pm1G
tRNA_682	38	pY
tRNA_682	39	pY
tRNA_682	57	pm5C
tRNA_682	63	pm5U
tRNA_682	64	pY
tRNA_682	67	pm1A
tRNA_812	23	pt6A
tRNA_812	35	pm5C
tRNA_543	10	pm2,2G
tRNA_543	13	pY
tRNA_543	35	pac4C
tRNA_543	38	pm1G
tRNA_543	54	pY
tRNA_543	55	pY
tRNA_543	56	pCm
tRNA_396	10	pm2G
tRNA_396	13	pY
tRNA_396	19	pD
tRNA_396	20	pY
tRNA_396	48	pm5C
tRNA_396	49	pm5C
tRNA_396	53	pm5Um
tRNA_396	54	pY
tRNA_655	9	pm1G
tRNA_655	10	pm2G
tRNA_655	16	pD
tRNA_655	17	pD
tRNA_655	18	pGm
tRNA_655	20	pD
tRNA_655	21	pD
tRNA_655	22	pD
tRNA_655	28	pm2,2G
tRNA_655	29	pY
tRNA_655	37	pY
tRNA_655	39	pi6A
tRNA_655	41	pY
tRNA_655	49	pD
tRNA_655	50	pm5C
tRNA_655	56	pm5U
tRNA_655	57	pY
tRNA_655	60	pm1A
tRNA_759	9	pm1A
tRNA_759	10	pm2G
tRNA_759	22	pY
tRNA_759	28	ptm5s2U
tRNA_759	31	pt6A
tRNA_759	52	pm1A
tRNA_523	9	pm1G
tRNA_523	10	pm2G
tRNA_523	16	pD
tRNA_523	20	pD
tRNA_523	21	pacp3U
tRNA_523	27	pm2,2G
tRNA_523	28	pY
tRNA_523	29	pY
tRNA_523	38	pt6A
tRNA_523	47	pm7G
tRNA_523	48	pD
tRNA_523	55	N
tRNA_523	56	pY
tRNA_523	59	pm1A
tRNA_389	21	pD
tRNA_389	35	xU
tRNA_389	54	pm5U
tRNA_389	55	pY
tRNA_650	9	pm1G
tRNA_650	10	pm2G
tRNA_650	25	pm2G
tRNA_650	36	pt6A
tRNA_650	45	pm7G
tRNA_650	46	pD
tRNA_650	47	pm5C
tRNA_650	57	pm1A
tRNA_1458	8	ps4U
tRNA_1458	29	pY
tRNA_1458	34	pms2i6A
tRNA_1458	36	pY
tRNA_1458	43	pm7G
tRNA_1458	51	pm5U
tRNA_1458	52	pY
tRNA_382	14	pY
tRNA_382	20	pD
tRNA_382	39	pm5C
tRNA_382	48	pm5C
tRNA_382	49	pm5C
tRNA_382	54	pm5U
tRNA_382	55	pY
tRNA_948	33	pUm
tRNA_948	38	pms2io6A
tRNA_948	70	pm1A
tRNA_948	71	pm1A
tRNA_1170	10	pm2G
tRNA_1170	16	pD
tRNA_1170	17	pD
tRNA_1170	26	pm2,2G
tRNA_1170	32	pCm
tRNA_1170	34	pGm
tRNA_1170	37	pyW
tRNA_1170	39	pY
tRNA_1170	40	pm5C
tRNA_1170	46	pm7G
tRNA_1170	49	pm5C
tRNA_1170	54	pm5U
tRNA_1170	55	pY
tRNA_1170	58	pm1A
tRNA_927	45	pm7G
tRNA_957	3	pUm
tRNA_957	21	pGm
tRNA_957	38	pms2io6A
tRNA_1440	8	ps4U
tRNA_1440	29	pY
tRNA_1440	34	pms2i6A
tRNA_1440	36	pY
tRNA_1440	43	pm7G
tRNA_1440	51	pm5U
tRNA_1440	52	pY
tRNA_1377	7	ps4U
tRNA_1377	20	pD
tRNA_1377	32	pCm
tRNA_1377	54	pm5U
tRNA_1377	55	pY
tRNA_905	17	pD
tRNA_905	21	pD
tRNA_905	35	pI
tRNA_464	6	pm2G
tRNA_464	10	pm2G
tRNA_464	16	pD
tRNA_464	20	pD
tRNA_464	27	pY
tRNA_464	34	pmcm5s2U
tRNA_464	37	pms2t6A
tRNA_464	39	pY
tRNA_464	46	pm7G
tRNA_464	47	pD
tRNA_464	48	pm5C
tRNA_464	49	pm5C
tRNA_464	54	pm5Um
tRNA_464	55	pY
tRNA_464	58	pm1A
tRNA_627	13	pY
tRNA_627	27	pm2G
tRNA_627	33	pCm
tRNA_627	55	pY
tRNA_627	56	pY
tRNA_627	57	pCm
tRNA_627	58	xA
tRNA_627	59	pm1A
tRNA_749	9	pm1G
tRNA_749	22	pm2,2G
tRNA_749	23	pY
tRNA_749	33	pt6A
tRNA_749	54	pm1A
tRNA_923	37	pm1G
tRNA_438	4	pCm
tRNA_438	9	pm1G
tRNA_438	13	pY
tRNA_438	16	pD
tRNA_438	37	pm5C
tRNA_438	46	pm5C
tRNA_438	47	pm5C
tRNA_438	48	pm5C
tRNA_438	53	pY
tRNA_438	56	pm1A
tRNA_513	6	pm2G
tRNA_513	10	pm2G
tRNA_513	16	pD
tRNA_513	20	pD
tRNA_513	26	pm2,2G
tRNA_513	27	pY
tRNA_513	31	pY
tRNA_513	34	pCm
tRNA_513	37	pt6A
tRNA_513	39	pY
tRNA_513	46	pm7G
tRNA_513	47	pD
tRNA_513	48	pm5C
tRNA_513	54	pm5U
tRNA_513	55	pY
tRNA_513	58	pm1A
tRNA_586	13	pac4C
tRNA_586	17	pD
tRNA_586	20	pD
tRNA_586	21	pD
tRNA_586	27	pm2,2G
tRNA_586	29	pY
tRNA_586	33	pm3C
tRNA_586	35	pI
tRNA_586	38	pi6A
tRNA_586	40	pYm
tRNA_586	45	pUm
tRNA_586	51	pm3C
tRNA_586	58	pm5C
tRNA_586	64	pm5U
tRNA_586	65	pY
tRNA_586	68	pm1A
tRNA_836	19	pGm
tRNA_836	21	pD
tRNA_836	47	pm7G
tRNA_836	48	pacp3U
tRNA_836	55	pm5U
tRNA_836	56	pY
tRNA_951	3	pUm
tRNA_951	21	pGm
tRNA_951	38	pio6A
tRNA_996	20	pm3C
tRNA_813	17	pD
tRNA_813	23	pY
tRNA_813	25	pY
tRNA_813	26	pY
tRNA_813	29	pm3C
tRNA_813	34	pi6A
tRNA_813	51	pY
tRNA_813	54	pm1A
tRNA_799	16	pD
tRNA_799	19	pD
tRNA_799	27	pY
tRNA_799	34	xU
tRNA_799	37	pt6A
tRNA_799	39	pY
tRNA_799	54	pm5U
tRNA_799	55	pY
tRNA_386	6	pm2G
tRNA_386	9	pm1G
tRNA_386	13	pY
tRNA_386	19	pD
tRNA_386	34	pmanQ
tRNA_386	38	pm5C
tRNA_386	47	pm5C
tRNA_386	48	pm5C
tRNA_386	53	pm5U
tRNA_386	54	pY
tRNA_491	12	pac4C
tRNA_491	16	pD
tRNA_491	19	pD
tRNA_491	21	pD
tRNA_491	27	pm2,2G
tRNA_491	33	pY
tRNA_491	35	pI
tRNA_491	38	pm1G
tRNA_491	39	pY
tRNA_491	57	pm5C
tRNA_491	63	pm5U
tRNA_491	64	pY
tRNA_491	67	pm1A
tRNA_533	10	pm2,2G
tRNA_533	13	pY
tRNA_533	15	pG+
tRNA_533	38	pm1G
tRNA_533	48	pm5C
tRNA_533	49	pm5C
tRNA_533	54	pm1Y
tRNA_533	55	pY
tRNA_533	56	pCm
tRNA_533	57	pm1I
tRNA_597	9	pm1G
tRNA_597	10	pm2G
tRNA_597	16	pD
tRNA_597	19	pD
tRNA_597	26	pm2,2G
tRNA_597	32	pm3C
tRNA_597	34	pI
tRNA_597	37	pt6A
tRNA_597	47	pD
tRNA_597	48	pm5C
tRNA_597	55	pY
tRNA_597	58	pm1A
tRNA_597	72	pm5C
tRNA_852	9	pm1A
tRNA_852	24	pY
tRNA_852	28	pY
tRNA_852	29	pY
tRNA_852	31	pcmnm5U
tRNA_852	34	pm1G
tRNA_852	35	pY
tRNA_852	37	pY
tRNA_852	53	pY
tRNA_407	10	pm2G
tRNA_407	16	pD
tRNA_407	17	pD
tRNA_407	26	pm2,2G
tRNA_407	27	pY
tRNA_407	32	pCm
tRNA_407	34	pGm
tRNA_407	37	po2yW
tRNA_407	39	pY
tRNA_407	46	pm7G
tRNA_407	47	pD
tRNA_407	54	pm5U
tRNA_407	55	pY
tRNA_407	58	pm1A
tRNA_62	13	pY
tRNA_62	16	pD
tRNA_62	19	pD
tRNA_62	32	pY
tRNA_62	37	pm1G
tRNA_62	48	pm5C
tRNA_62	53	pm5U
tRNA_62	54	pY
tRNA_428	10	pm2G
tRNA_428	13	pY
tRNA_428	47	pm5C
tRNA_428	52	pm1Y
tRNA_428	53	pY
tRNA_428	54	pCm
tRNA_428	55	pm1I
tRNA_715	10	pm1A
tRNA_715	25	pY
tRNA_1191	52	pm5U
tRNA_1191	53	pY
tRNA_385	10	pm2G
tRNA_385	13	pY
tRNA_385	16	pD
tRNA_385	17	pGm
tRNA_385	21	N
tRNA_385	24	N
tRNA_385	31	pCm
tRNA_385	33	pmanQ
tRNA_385	45	pm7G
tRNA_385	47	pm5C
tRNA_385	48	N
tRNA_385	53	pm5U
tRNA_385	54	pY
tRNA_385	57	pm1A
tRNA_435	17	pGm
tRNA_435	19	pD
tRNA_435	52	pm5U
tRNA_435	53	pY
tRNA_476	8	ps4U
tRNA_476	16	pD
tRNA_476	18	pm2G
tRNA_476	20	pD
tRNA_476	35	xU
tRNA_476	38	pms2i6A
tRNA_476	40	pY
tRNA_476	65	pm5U
tRNA_476	66	pY
tRNA_471	6	pm2G
tRNA_471	10	pm2G
tRNA_471	16	pD
tRNA_471	32	xC
tRNA_471	37	pt6A
tRNA_471	39	pY
tRNA_471	46	pm7G
tRNA_471	47	pD
tRNA_471	48	pm5C
tRNA_471	54	pm5Um
tRNA_471	55	pY
tRNA_471	58	pm1A
tRNA_1180	10	pm2G
tRNA_1180	16	pD
tRNA_1180	17	pD
tRNA_1180	26	pm2,2G
tRNA_1180	32	pCm
tRNA_1180	34	pGm
tRNA_1180	37	pyW
tRNA_1180	39	pY
tRNA_1180	40	pm5C
tRNA_1180	46	pm7G
tRNA_1180	49	pm5C
tRNA_1180	54	pm5U
tRNA_1180	55	pY
tRNA_1180	58	pm1A
tRNA_997	34	pm5C
tRNA_114	12	pac4C
tRNA_114	16	pD
tRNA_114	17	pGm
tRNA_114	19	pD
tRNA_114	20	pD
tRNA_114	26	pm2,2G
tRNA_114	32	pY
tRNA_114	34	pI
tRNA_114	37	pi6A
tRNA_114	39	pY
tRNA_114	44	pUm
tRNA_114	57	pm5C
tRNA_114	63	pm5U
tRNA_114	64	pY
tRNA_986	5	pm1G
tRNA_986	33	pCm
tRNA_986	38	pms2i6A
tRNA_1199	13	pY
tRNA_1199	16	pD
tRNA_1199	19	pD
tRNA_1199	26	pm2,2G
tRNA_1199	32	pCm
tRNA_1199	37	pyW
tRNA_1199	40	pm5C
tRNA_1199	48	pm5C
tRNA_1199	53	pm5U
tRNA_1199	54	pY
tRNA_1208	9	pm1G
tRNA_1208	22	pY
tRNA_1208	23	pY
tRNA_1208	27	pY
tRNA_1208	32	pi6A
tRNA_1208	34	pY
tRNA_1208	52	pm1A
tRNA_978	24	pm2A
tRNA_978	40	pt6A
tRNA_978	76	pm1A
tRNA_1165	10	pm2G
tRNA_1165	16	pD
tRNA_1165	17	pD
tRNA_1165	26	pm2,2G
tRNA_1165	32	pCm
tRNA_1165	34	pGm
tRNA_1165	37	pyW
tRNA_1165	39	pY
tRNA_1165	40	pm5C
tRNA_1165	46	pm7G
tRNA_1165	49	pm5C
tRNA_1165	54	pm5U
tRNA_1165	55	pY
tRNA_1165	58	pm1A
tRNA_512	6	pm2G
tRNA_512	10	pm2G
tRNA_512	16	pD
tRNA_512	20	pD
tRNA_512	26	pm2,2G
tRNA_512	27	pY
tRNA_512	31	pY
tRNA_512	34	pCm
tRNA_512	37	pt6A
tRNA_512	39	pY
tRNA_512	46	pm7G
tRNA_512	47	pD
tRNA_512	48	pm5C
tRNA_512	54	pm5U
tRNA_512	55	pY
tRNA_512	58	pm1A
tRNA_846	21	pD
tRNA_846	29	pm2,2G
tRNA_846	30	pY
tRNA_846	40	xA
tRNA_846	59	pm5C
tRNA_846	62	xC
tRNA_846	68	pm5U
tRNA_846	69	pY
tRNA_790	9	pm1A
tRNA_790	27	pY
tRNA_790	34	pY
tRNA_790	36	pt6A
tRNA_790	57	pm1A
tRNA_1434	7	ps4U
tRNA_1434	32	pm5C
tRNA_1434	54	pm5U
tRNA_1434	55	pY
tRNA_746	13	pY
tRNA_746	16	pD
tRNA_746	17	pD
tRNA_746	18	pGm
tRNA_746	20	pD
tRNA_746	21	pD
tRNA_746	28	pY
tRNA_746	35	xC
tRNA_746	55	pm5U
tRNA_746	56	pY
tRNA_970	13	pCm
tRNA_970	16	pGm
tRNA_970	20	pD
tRNA_970	37	pm1G
tRNA_970	57	pm1A
tRNA_1430	7	ps4U
tRNA_1430	32	pm5C
tRNA_1430	54	pm5U
tRNA_1430	55	pY
tRNA_524	9	pm1G
tRNA_524	10	pm2G
tRNA_524	16	pD
tRNA_524	20	pD
tRNA_524	21	pacp3U
tRNA_524	27	pm2,2G
tRNA_524	28	pY
tRNA_524	29	pY
tRNA_524	35	pQ
tRNA_524	38	pt6A
tRNA_524	47	pm7G
tRNA_524	48	pD
tRNA_524	55	xX
tRNA_524	56	pY
tRNA_524	59	pm1A
tRNA_1147	8	ps4U
tRNA_1147	21	pD
tRNA_1147	33	pCm
tRNA_1147	55	pm5U
tRNA_1147	56	pY
tRNA_486	17	pD
tRNA_486	20	pD
tRNA_486	38	pm1G
tRNA_486	39	pY
tRNA_486	40	pY
tRNA_486	65	pm5U
tRNA_486	66	pY
tRNA_176	21	pD
tRNA_176	35	pcmnm5U
tRNA_176	38	pt6A
tRNA_176	47	pm7G
tRNA_176	56	pY
tRNA_969	13	pUm
tRNA_969	20	pD
tRNA_969	34	pI
tRNA_969	37	pm1G
tRNA_969	46	pm7G
tRNA_969	58	pm1A
tRNA_507	13	pY
tRNA_507	15	pG+
tRNA_507	23	pY
tRNA_507	35	pCm
tRNA_507	38	pt6A
tRNA_507	40	pY
tRNA_507	49	pm5C
tRNA_507	55	pm1Y
tRNA_507	56	pY
tRNA_507	57	pCm
tRNA_773	10	pm2G
tRNA_773	12	pac4C
tRNA_773	16	pD
tRNA_773	17	pGm
tRNA_773	19	pD
tRNA_773	21	pacp3U
tRNA_773	27	pm2,2G
tRNA_773	35	N
tRNA_773	38	pm1G
tRNA_773	39	pY
tRNA_773	40	pY
tRNA_773	45	pUm
tRNA_773	59	pm5C
tRNA_773	65	pm5U
tRNA_773	66	pY
tRNA_773	69	pm1A
tRNA_1393	7	ps4U
tRNA_1393	32	pm5C
tRNA_1393	54	pm5U
tRNA_1393	55	pY
tRNA_64	16	pD
tRNA_64	19	pD
tRNA_64	31	pY
tRNA_64	36	pi6A
tRNA_64	38	pY
tRNA_64	45	pm7G
tRNA_64	46	pD
tRNA_64	47	pm5C
tRNA_64	53	pm5U
tRNA_64	54	pY
tRNA_64	57	pm1A
tRNA_710	18	pGm
tRNA_710	20	pD
tRNA_710	38	xA
tRNA_710	48	xC
tRNA_710	55	pm5U
tRNA_710	56	pY
tRNA_126	10	pm2G
tRNA_126	16	pD
tRNA_126	19	pD
tRNA_126	20	pD
tRNA_126	27	pm2,2G
tRNA_126	28	pY
tRNA_126	33	pY
tRNA_126	35	pncm5U
tRNA_126	48	pD
tRNA_126	50	pm5C
tRNA_126	55	pm5U
tRNA_126	56	pY
tRNA_126	59	pm1A
tRNA_990	13	pCm
tRNA_990	18	pGm
tRNA_990	45	pm7G
tRNA_928	36	pm6A
tRNA_1330	6	ps4U
tRNA_1330	31	pm5C
tRNA_1330	53	pm5U
tRNA_1330	54	pY
tRNA_945	20	pD
tRNA_945	21	pD
tRNA_945	35	pk2C
tRNA_945	38	pm6A
tRNA_945	47	pm7G
tRNA_537	8	ps4U
tRNA_537	21	pD
tRNA_537	33	pUm
tRNA_537	35	pcmo5U
tRNA_537	38	pm1G
tRNA_537	47	pm7G
tRNA_537	55	pm5U
tRNA_537	56	pY
tRNA_537	66	pY
tRNA_1004	32	pm3C
tRNA_1441	7	ps4U
tRNA_1441	29	pY
tRNA_1441	34	pms2i6A
tRNA_1441	36	pY
tRNA_1441	43	pm7G
tRNA_1441	51	pm5U
tRNA_1441	52	pY
tRNA_431	8	ps4U
tRNA_431	36	pm6A
tRNA_431	53	pY
tRNA_500	12	pac4C
tRNA_500	19	pD
tRNA_500	35	pI
tRNA_500	63	pm5U
tRNA_664	6	pm2G
tRNA_664	10	pm2G
tRNA_664	16	pD
tRNA_664	17	pD
tRNA_664	20	pacp3U
tRNA_664	26	pm2,2G
tRNA_664	27	pm2,2G
tRNA_664	34	pgalQ
tRNA_664	35	pY
tRNA_664	37	pm1G
tRNA_664	39	pm1Y
tRNA_664	46	pm7G
tRNA_664	47	pD
tRNA_664	48	pm5C
tRNA_664	54	pm5U
tRNA_664	55	pY
tRNA_664	58	pm1A
tRNA_960	8	ps4U
tRNA_960	37	pt6A
tRNA_988	13	pCm
tRNA_988	18	pGm
tRNA_988	45	pm7G
tRNA_460	15	pG+
tRNA_460	27	pm2,2G
tRNA_460	33	pCm
tRNA_460	35	pac4C
tRNA_460	38	pt6A
tRNA_460	40	pY
tRNA_460	49	pm5C
tRNA_460	53	pY
tRNA_460	55	pm1Y
tRNA_460	56	pY
tRNA_460	57	pCm
tRNA_460	58	pm1I
tRNA_76	13	pY
tRNA_76	16	pD
tRNA_76	19	pD
tRNA_76	20	pD
tRNA_76	34	xU
tRNA_76	53	pm5U
tRNA_76	54	pY
tRNA_565	9	pm1G
tRNA_565	10	pm2G
tRNA_565	16	pD
tRNA_565	20	pD
tRNA_565	26	pm2,2G
tRNA_565	27	pY
tRNA_565	32	pCm
tRNA_565	34	pI
tRNA_565	37	pm1G
tRNA_565	39	pY
tRNA_565	47	pD
tRNA_565	49	pm5C
tRNA_565	50	pY
tRNA_565	54	pY
tRNA_565	55	pY
tRNA_565	58	pm1A
tRNA_838	16	pD
tRNA_838	19	pD
tRNA_838	36	pm1G
tRNA_838	37	pY
tRNA_1150	8	ps4U
tRNA_1150	21	pD
tRNA_1150	33	pCm
tRNA_1150	55	pm5U
tRNA_1150	56	pY
tRNA_1160	7	ps4U
tRNA_1160	20	pD
tRNA_1160	32	pCm
tRNA_1160	54	pm5U
tRNA_1160	55	pY
tRNA_101	10	pm2G
tRNA_101	16	pD
tRNA_101	17	pD
tRNA_101	26	pm2,2G
tRNA_101	32	pCm
tRNA_101	34	pGm
tRNA_101	37	pyW
tRNA_101	39	pY
tRNA_101	40	pm5C
tRNA_101	46	pm7G
tRNA_101	49	pm5C
tRNA_101	54	pm5U
tRNA_101	55	pY
tRNA_101	58	pm1A
tRNA_401	12	xU
tRNA_401	17	pD
tRNA_401	18	pGm
tRNA_401	20	pD
tRNA_401	37	pms2i6A
tRNA_401	39	pY
tRNA_401	46	pm7G
tRNA_401	54	pm5U
tRNA_401	55	pY
tRNA_167	8	ps4U
tRNA_167	17	pD
tRNA_167	37	pm6A
tRNA_167	46	pm7G
tRNA_167	55	pY
tRNA_719	12	pac4C
tRNA_719	19	pD
tRNA_719	20	pD
tRNA_719	32	pY
tRNA_719	35	pmnm5s2U
tRNA_719	36	pY
tRNA_719	48	pm5C
tRNA_719	54	pm5U
tRNA_719	55	pY
tRNA_719	66	pY
tRNA_309	20	pD
tRNA_309	23	pm1A
tRNA_309	38	pm6A
tRNA_309	63	pY
tRNA_422	10	pm2G
tRNA_422	14	pm1A
tRNA_422	16	pD
tRNA_422	17	pD
tRNA_422	26	pm2,2G
tRNA_422	27	pY
tRNA_422	28	pY
tRNA_422	32	pCm
tRNA_422	34	pGm
tRNA_422	37	po2yW
tRNA_422	39	pY
tRNA_422	46	pm7G
tRNA_422	47	pD
tRNA_422	49	pm5C
tRNA_422	54	pm5U
tRNA_422	55	pY
tRNA_422	58	pm1A
tRNA_384	13	pY
tRNA_384	19	pD
tRNA_384	34	pmanQ
tRNA_384	48	pm5C
tRNA_384	49	pm5C
tRNA_384	54	pm5U
tRNA_384	55	pY
tRNA_384	58	pm1A
tRNA_84	10	pm2G
tRNA_84	16	pD
tRNA_84	19	pD
tRNA_84	20	pD
tRNA_84	27	pY
tRNA_84	34	pY
tRNA_84	36	pY
tRNA_84	37	pt6A
tRNA_84	46	pm7G
tRNA_84	47	pD
tRNA_84	48	pm5C
tRNA_84	54	pm5U
tRNA_84	55	pY
tRNA_84	58	pm1A
tRNA_84	67	pY
tRNA_1128	18	pD
tRNA_1128	52	pm5U
tRNA_1128	53	pY
tRNA_723	16	pD
tRNA_723	19	pGm
tRNA_723	20	pD
tRNA_723	37	pms2i6A
tRNA_723	39	pY
tRNA_723	46	pm7G
tRNA_723	47	N
tRNA_723	54	pm5U
tRNA_723	55	pY
tRNA_116	12	pac4C
tRNA_116	16	pD
tRNA_116	17	pGm
tRNA_116	19	pD
tRNA_116	20	pD
tRNA_116	26	pm2,2G
tRNA_116	37	pt6A
tRNA_116	44	pUm
tRNA_116	57	pm5C
tRNA_116	63	pm5U
tRNA_116	64	pY
tRNA_116	67	pm1A
tRNA_369	47	pm5C
tRNA_369	48	pm5C
tRNA_369	53	pm1Y
tRNA_369	54	pY
tRNA_369	55	pCm
tRNA_369	56	pm1I
tRNA_984	13	pCm
tRNA_984	37	pms2i6A
tRNA_984	46	pm7G
tRNA_445	9	ps4U
tRNA_445	17	pD
tRNA_445	18	pD
tRNA_445	21	pD
tRNA_445	35	pQ
tRNA_445	38	pm2A
tRNA_445	39	pY
tRNA_445	40	pY
tRNA_445	47	pm7G
tRNA_445	55	pm5U
tRNA_445	56	pY
tRNA_547	9	pm1G
tRNA_547	13	pY
tRNA_547	16	pD
tRNA_547	17	pGm
tRNA_547	19	pD
tRNA_547	20	pD
tRNA_547	28	pY
tRNA_547	32	pCm
tRNA_547	34	pUm
tRNA_547	37	pm2A
tRNA_547	39	pY
tRNA_547	53	pm5U
tRNA_547	54	pY
tRNA_547	57	pm1A
tRNA_1344	7	ps4U
tRNA_1344	32	pm5C
tRNA_1344	54	pm5U
tRNA_1344	55	pY
tRNA_1368	6	ps4U
tRNA_1368	31	pm5C
tRNA_1368	53	pm5U
tRNA_1368	54	pY
tRNA_617	34	xU
tRNA_617	37	xA
tRNA_617	39	pY
tRNA_617	46	pm7G
tRNA_617	55	pY
tRNA_450	17	pGm
tRNA_450	19	pD
tRNA_450	20	pD
tRNA_450	35	N
tRNA_450	38	xA
tRNA_450	47	pm7G
tRNA_450	55	pm5U
tRNA_450	56	pY
tRNA_991	13	pCm
tRNA_991	17	pGm
tRNA_991	19	pD
tRNA_991	45	pm7G
tRNA_37	8	ps4U
tRNA_37	17	pGm
tRNA_37	19	pD
tRNA_37	20	pD
tRNA_37	41	pY
tRNA_37	66	pm5U
tRNA_37	67	pY
tRNA_502	6	pm2G
tRNA_502	10	pm2G
tRNA_502	12	pac4C
tRNA_502	19	pD
tRNA_502	21	pY
tRNA_502	27	pm2G
tRNA_502	35	pf5Cm
tRNA_502	38	pm1G
tRNA_502	39	pY
tRNA_502	40	pY
tRNA_502	45	pUm
tRNA_502	47	pY
tRNA_502	59	pm5C
tRNA_502	65	pm5U
tRNA_502	66	pY
tRNA_502	69	pm1A
tRNA_615	9	pm1G
tRNA_615	10	pm2G
tRNA_615	17	pGm
tRNA_615	19	pD
tRNA_615	25	pm2,2G
tRNA_615	26	pY
tRNA_615	31	pCm
tRNA_615	33	pCm
tRNA_615	36	pm1G
tRNA_615	38	pYm
tRNA_615	45	pm7G
tRNA_615	53	pY
tRNA_615	54	pY
tRNA_615	57	pm1A
tRNA_626	9	N
tRNA_626	10	pm2G
tRNA_626	28	pm2,2Gm
tRNA_626	31	pGm
tRNA_626	34	pCm
tRNA_626	50	pm5C
tRNA_626	56	pUm
tRNA_626	58	pCm
tRNA_626	59	pm1I
tRNA_626	60	pm1A
tRNA_898	9	pm1G
tRNA_898	34	ptm5s2U
tRNA_898	37	pm1G
tRNA_898	39	pY
tRNA_898	40	pY
tRNA_898	54	pY
tRNA_1184	10	pm2G
tRNA_1184	16	pD
tRNA_1184	17	pD
tRNA_1184	26	pm2,2G
tRNA_1184	32	pCm
tRNA_1184	34	pGm
tRNA_1184	37	pyW
tRNA_1184	39	pY
tRNA_1184	40	pm5C
tRNA_1184	46	pm7G
tRNA_1184	49	pm5C
tRNA_1184	54	pm5U
tRNA_1184	55	pY
tRNA_1184	58	pm1A
tRNA_1183	8	ps4U
tRNA_1183	16	pD
tRNA_1183	20	pD
tRNA_1183	32	pY
tRNA_1183	37	pms2i6A
tRNA_1183	39	pY
tRNA_1183	46	pm7G
tRNA_1183	54	pm5U
tRNA_1183	55	pY
tRNA_188	8	ps4U
tRNA_188	20	pD
tRNA_188	22	pm1A
tRNA_188	37	pm6A
tRNA_188	54	pY
tRNA_132	9	pm1G
tRNA_132	10	pm2G
tRNA_132	16	pD
tRNA_132	25	pm2,2G
tRNA_132	36	pt6A
tRNA_132	45	pm7G
tRNA_132	46	pD
tRNA_132	47	pm5C
tRNA_132	48	pm5C
tRNA_132	57	pm1A
tRNA_132	63	pAr(p)
tRNA_1413	6	ps4U
tRNA_1413	31	pm5C
tRNA_1413	53	pm5U
tRNA_1413	54	pY
tRNA_1203	9	pm1G
tRNA_1203	10	pm2G
tRNA_1203	16	pD
tRNA_1203	25	pm2,2G
tRNA_1203	36	pt6A
tRNA_1203	45	pm7G
tRNA_1203	46	pD
tRNA_1203	47	pm5C
tRNA_1203	48	pm5C
tRNA_1203	57	pm1A
tRNA_1203	63	pAr(p)
tRNA_740	17	pD
tRNA_740	20	pD
tRNA_740	27	pY
tRNA_740	32	pY
tRNA_740	37	pm1G
tRNA_740	38	pY
tRNA_740	53	pm5U
tRNA_740	54	pY
tRNA_1427	6	ps4U
tRNA_1427	31	pm5C
tRNA_1427	53	pm5U
tRNA_1427	54	pY
tRNA_89	10	pm2G
tRNA_89	12	pac4C
tRNA_89	16	pD
tRNA_89	17	pGm
tRNA_89	19	pD
tRNA_89	20	pD
tRNA_89	21	pD
tRNA_89	27	pm2,2G
tRNA_89	28	pY
tRNA_89	33	pY
tRNA_89	38	pm1G
tRNA_89	40	pY
tRNA_89	57	pm5C
tRNA_89	63	pm5U
tRNA_89	64	pY
tRNA_89	67	pm1A
tRNA_43	8	ps4U
tRNA_43	9	ps4U
tRNA_43	17	pGm
tRNA_43	35	pQ
tRNA_43	36	pY
tRNA_43	38	pms2i6A
tRNA_43	40	pY
tRNA_43	63	pm5U
tRNA_43	64	pY
tRNA_11	8	ps4U
tRNA_11	17	pGm
tRNA_11	19	pD
tRNA_11	31	pUm
tRNA_11	36	pm2A
tRNA_11	37	pY
tRNA_11	38	pY
tRNA_11	53	pm5U
tRNA_11	54	pY
tRNA_118	10	pm2G
tRNA_118	16	pD
tRNA_118	17	pD
tRNA_118	20	pD
tRNA_118	26	pm2,2G
tRNA_118	32	pm3C
tRNA_118	34	pI
tRNA_118	37	pt6A
tRNA_118	39	pY
tRNA_118	47	pD
tRNA_118	48	pm5C
tRNA_118	54	pm5U
tRNA_118	55	pY
tRNA_118	58	pm1A
tRNA_185	8	ps4U
tRNA_185	17	pD
tRNA_185	20	pD
tRNA_185	21	pD
tRNA_185	56	pY
tRNA_530	21	pD
tRNA_530	38	pm1G
tRNA_530	47	pm7G
tRNA_530	55	pm5U
tRNA_530	56	pY
tRNA_851	9	pm1A
tRNA_851	24	pY
tRNA_851	25	pm2,2G
tRNA_851	26	pY
tRNA_851	27	pY
tRNA_851	33	pcmnm5U
tRNA_851	36	pt6A
tRNA_851	38	pY
tRNA_851	58	pY
tRNA_1219	9	pm1A
tRNA_1219	10	pm2G
tRNA_1219	37	pY
tRNA_573	12	pac4C
tRNA_573	16	pD
tRNA_573	17	pGm
tRNA_573	19	pD
tRNA_573	20	pD
tRNA_573	26	pm2,2G
tRNA_573	32	pY
tRNA_573	34	pncm5U
tRNA_573	37	pi6A
tRNA_573	39	pY
tRNA_573	44	pUm
tRNA_573	57	pm5C
tRNA_573	63	pm5U
tRNA_573	64	pY
tRNA_573	67	pm1A
tRNA_893	6	pm2G
tRNA_893	9	pm1A
tRNA_893	23	pY
tRNA_893	27	pY
tRNA_893	30	pQ
tRNA_1215	9	pm1A
tRNA_1215	25	pY
tRNA_1215	30	pY
tRNA_1215	35	pm1G
tRNA_1215	36	pY
tRNA_1215	50	pm5U
tRNA_1215	51	pY
tRNA_1215	61	pY
tRNA_1215	62	pY
tRNA_455	10	pm2G
tRNA_455	16	pD
tRNA_455	17	pD
tRNA_455	20	pD
tRNA_455	21	pD
tRNA_455	27	pm2,2G
tRNA_455	28	pY
tRNA_455	35	pI
tRNA_455	38	pt6A
tRNA_455	48	pD
tRNA_455	49	pm5C
tRNA_455	55	pm5U
tRNA_455	56	pY
tRNA_455	59	pm1A
tRNA_472	10	pm2G
tRNA_472	16	pD
tRNA_472	27	pY
tRNA_472	34	xU
tRNA_472	37	xA
tRNA_472	39	xX
tRNA_472	46	pm7G
tRNA_472	47	pD
tRNA_472	48	pm5C
tRNA_472	54	pm5Um
tRNA_472	55	pY
tRNA_472	58	pm1A
tRNA_472	67	pm2G
tRNA_472	72	pm5C
tRNA_545	10	pm2G
tRNA_545	13	pY
tRNA_545	16	pD
tRNA_545	19	pD
tRNA_545	20	pD
tRNA_545	32	pCm
tRNA_545	34	pUm
tRNA_545	37	pt6A
tRNA_545	39	pY
tRNA_545	48	pm5C
tRNA_545	54	pY
tRNA_545	57	pm1A
tRNA_1154	8	ps4U
tRNA_1154	33	pCm
tRNA_1154	47	pm7G
tRNA_1154	55	pm5U
tRNA_1154	56	pY
tRNA_572	10	pm2G
tRNA_572	12	pac4C
tRNA_572	16	pD
tRNA_572	17	pGm
tRNA_572	19	pD
tRNA_572	20	pD
tRNA_572	26	pm2,2G
tRNA_572	27	pY
tRNA_572	39	pY
tRNA_572	56	pm5C
tRNA_572	62	pm5U
tRNA_572	63	pY
tRNA_572	66	pm1A
tRNA_902	8	ps4U
tRNA_902	13	pY
tRNA_902	35	pmnm5s2U
tRNA_902	38	pm2A
tRNA_902	54	pm5U
tRNA_902	55	pY
tRNA_175	17	pD
tRNA_175	21	pD
tRNA_175	38	pt6A
tRNA_175	47	pm7G
tRNA_175	55	pm5U
tRNA_175	56	pY
tRNA_481	15	pG+
tRNA_481	29	pm2G
tRNA_481	40	pm1G
tRNA_481	42	pY
tRNA_481	66	pm1Y
tRNA_481	67	pY
tRNA_481	68	pCm
tRNA_553	9	pm1G
tRNA_553	13	pY
tRNA_553	17	pGm
tRNA_553	19	pD
tRNA_553	20	pD
tRNA_553	28	pY
tRNA_553	32	pCm
tRNA_553	34	xU
tRNA_553	39	pY
tRNA_553	48	pm5C
tRNA_553	49	pm5C
tRNA_553	53	pY
tRNA_553	54	pY
tRNA_553	57	pm1A
tRNA_771	12	pac4C
tRNA_771	16	pD
tRNA_771	17	pGm
tRNA_771	19	pD
tRNA_771	21	pacp3U
tRNA_771	27	pm2,2G
tRNA_771	35	N
tRNA_771	38	pm1G
tRNA_771	40	pY
tRNA_771	45	pUm
tRNA_771	59	pm5C
tRNA_771	65	pm5U
tRNA_771	66	pY
tRNA_771	69	pm1A
tRNA_776	9	pm1A
tRNA_776	10	pm2G
tRNA_776	19	pD
tRNA_776	26	pY
tRNA_776	36	pm1G
tRNA_776	47	pm5C
tRNA_26	16	pD
tRNA_26	17	pD
tRNA_26	20	pD
tRNA_26	34	pmnm5s2U
tRNA_26	37	pt6A
tRNA_26	39	pY
tRNA_26	46	pm7G
tRNA_26	47	pacp3U
tRNA_26	54	pm5U
tRNA_26	55	pY
tRNA_437	4	pCm
tRNA_437	9	pm1G
tRNA_437	13	pY
tRNA_437	16	pD
tRNA_437	37	pm5C
tRNA_437	46	pm5C
tRNA_437	47	pm5C
tRNA_437	48	pm5C
tRNA_437	53	pY
tRNA_437	56	pm1A
tRNA_120	10	pm2G
tRNA_120	16	pD
tRNA_120	17	pD
tRNA_120	20	pD
tRNA_120	26	pm2,2G
tRNA_120	32	pm3C
tRNA_120	34	pI
tRNA_120	37	pt6A
tRNA_120	39	pY
tRNA_120	47	pD
tRNA_120	48	pm5C
tRNA_120	54	pm5U
tRNA_120	55	pY
tRNA_120	58	pm1A
tRNA_834	9	pm1A
tRNA_834	10	pm2G
tRNA_834	31	ptm5U
tRNA_834	34	pms2i6A
tRNA_834	44	pm5C
tRNA_972	13	pm1G
tRNA_972	36	pms2i6A
tRNA_402	8	ps4U
tRNA_402	20	pD
tRNA_402	34	pGm
tRNA_402	37	pms2i6A
tRNA_402	39	pY
tRNA_402	46	pm7G
tRNA_402	54	pm5U
tRNA_402	55	pY
tRNA_653	16	pD
tRNA_653	17	pD
tRNA_653	18	pGm
tRNA_653	26	pm2,2G
tRNA_653	35	pY
tRNA_653	37	pm1G
tRNA_653	39	pY
tRNA_653	46	pm7G
tRNA_653	47	N
tRNA_653	54	pm5U
tRNA_653	55	pY
tRNA_653	58	pm1A
tRNA_1362	7	ps4U
tRNA_1362	32	pm5C
tRNA_1362	54	pm5U
tRNA_1362	55	pY
tRNA_727	16	pD
tRNA_727	19	pD
tRNA_727	25	pm2,2G
tRNA_727	31	pY
tRNA_727	36	pm1G
tRNA_727	38	pY
tRNA_727	54	pY
tRNA_479	15	pG+
tRNA_479	29	pm2,2G
tRNA_479	40	pm1G
tRNA_479	60	pm5C
tRNA_479	66	pm1Y
tRNA_479	67	pY
tRNA_479	68	pCm
tRNA_479	69	pm1I
tRNA_45	8	ps4U
tRNA_45	17	pD
tRNA_45	34	pcmo5U
tRNA_45	37	pm6A
tRNA_45	46	pm7G
tRNA_45	54	pm5U
tRNA_45	55	pY
tRNA_611	13	pY
tRNA_611	19	pD
tRNA_611	20	pacp3U
tRNA_611	27	pY
tRNA_611	46	pm7G
tRNA_611	47	pD
tRNA_611	54	pm5U
tRNA_611	55	pY
tRNA_611	58	pm1A
tRNA_1155	8	ps4U
tRNA_1155	33	pCm
tRNA_1155	47	pm7G
tRNA_1155	55	pm5U
tRNA_1155	56	pY
tRNA_712	9	pm1A
tRNA_712	32	pQ
tRNA_1346	36	pY
tRNA_724	17	pD
tRNA_724	18	pGm
tRNA_724	20	pD
tRNA_724	37	pms2i6A
tRNA_724	39	pY
tRNA_724	46	pm7G
tRNA_724	47	pacp3U
tRNA_724	54	pm5U
tRNA_724	55	pY
tRNA_968	13	pCm
tRNA_968	17	pD
tRNA_968	20	pD
tRNA_97	1	pY
tRNA_97	10	pm2G
tRNA_97	16	pD
tRNA_97	17	pD
tRNA_97	20	pD
tRNA_97	26	pm2,2G
tRNA_97	27	pY
tRNA_97	28	pY
tRNA_97	34	pmcm5s2U
tRNA_97	37	pt6A
tRNA_97	46	pm7G
tRNA_97	47	pD
tRNA_97	48	pm5C
tRNA_97	54	pm5U
tRNA_97	55	pY
tRNA_97	58	pm1A
tRNA_97	67	pY
tRNA_579	16	pD
tRNA_579	17	pGm
tRNA_579	19	pD
tRNA_579	20	pD
tRNA_579	26	pm2,2G
tRNA_579	32	pm3C
tRNA_579	37	pio6A
tRNA_579	39	pY
tRNA_579	44	pUm
tRNA_579	63	pm5U
tRNA_579	64	pY
tRNA_579	67	pm1A
tRNA_173	8	ps4U
tRNA_173	17	pD
tRNA_173	21	pD
tRNA_173	35	pI
tRNA_173	38	pm1G
tRNA_173	40	pY
tRNA_173	47	pm7G
tRNA_173	56	pY
tRNA_1168	10	pm2G
tRNA_1168	16	pD
tRNA_1168	17	pD
tRNA_1168	26	pm2,2G
tRNA_1168	32	pCm
tRNA_1168	34	pGm
tRNA_1168	37	pyW
tRNA_1168	39	pY
tRNA_1168	40	pm5C
tRNA_1168	46	pm7G
tRNA_1168	49	pm5C
tRNA_1168	54	pm5U
tRNA_1168	55	pY
tRNA_1168	58	pm1A
tRNA_528	4	pUm
tRNA_528	6	pm2G
tRNA_528	9	pm1G
tRNA_528	13	pY
tRNA_528	19	pD
tRNA_528	31	pY
tRNA_528	33	xU
tRNA_528	36	pm1G
tRNA_528	37	pY
tRNA_528	45	pm7G
tRNA_528	46	pD
tRNA_528	47	pm5C
tRNA_528	48	pm5C
tRNA_528	53	pY
tRNA_528	54	pY
tRNA_528	57	pm1A
tRNA_1327	7	ps4U
tRNA_1327	32	pCm
tRNA_1327	46	pm7G
tRNA_1327	55	pY
tRNA_589	4	pGm
tRNA_589	12	pac4C
tRNA_589	16	pD
tRNA_589	17	pGm
tRNA_589	19	pD
tRNA_589	20	pD
tRNA_589	26	pm2,2G
tRNA_589	32	pm3C
tRNA_589	37	pi6A
tRNA_589	39	pY
tRNA_589	44	pUm
tRNA_589	50	pm3C
tRNA_589	57	pm5C
tRNA_589	63	pm5U
tRNA_589	64	pY
tRNA_589	67	pm1A
tRNA_256	21	pD
tRNA_256	38	pm1G
tRNA_256	47	pm7G
tRNA_256	56	pY
tRNA_197	19	pD
tRNA_197	45	pm7G
tRNA_197	53	pm5U
tRNA_197	54	pY
tRNA_820	19	pGm
tRNA_820	21	pD
tRNA_820	35	xU
tRNA_820	47	pm7G
tRNA_820	48	N
tRNA_820	55	pm5U
tRNA_820	56	pY
tRNA_582	16	pD
tRNA_582	17	pGm
tRNA_582	19	pD
tRNA_582	20	pD
tRNA_582	26	pm2,2G
tRNA_582	32	pm3C
tRNA_582	34	pI
tRNA_582	37	pio6A
tRNA_582	39	pY
tRNA_582	44	pUm
tRNA_582	63	pm5U
tRNA_582	64	pY
tRNA_582	67	pm1A
tRNA_1166	10	pm2G
tRNA_1166	16	pD
tRNA_1166	17	pD
tRNA_1166	26	pm2,2G
tRNA_1166	32	pCm
tRNA_1166	34	pGm
tRNA_1166	37	pyW
tRNA_1166	39	pY
tRNA_1166	40	pm5C
tRNA_1166	46	pm7G
tRNA_1166	49	pm5C
tRNA_1166	54	pm5U
tRNA_1166	55	pY
tRNA_1166	58	pm1A
tRNA_1350	7	ps4U
tRNA_1350	32	pm5C
tRNA_1350	54	pm5U
tRNA_1350	55	pY
tRNA_1013	8	pm5U
tRNA_1013	12	pm5U
tRNA_1013	16	pm5U
tRNA_1013	20	pm5U
tRNA_1013	27	pm5U
tRNA_1013	33	pm5U
tRNA_1013	35	pm5U
tRNA_1013	36	pm5U
tRNA_1013	37	pt6A
tRNA_1013	39	pm5U
tRNA_1013	41	pm5U
tRNA_1013	47	pm5U
tRNA_1013	50	pm5U
tRNA_1013	54	pm5U
tRNA_1013	55	pm5U
tRNA_1013	58	pm1A
tRNA_1013	67	pm5U
tRNA_1013	68	pm5U
tRNA_1153	8	ps4U
tRNA_1153	33	pCm
tRNA_1153	47	pm7G
tRNA_1153	55	pm5U
tRNA_1153	56	pY
tRNA_34	8	ps4U
tRNA_34	17	pGm
tRNA_34	19	pD
tRNA_34	20	pD
tRNA_34	33	pCm
tRNA_34	35	pcmo5U
tRNA_34	38	pms2i6A
tRNA_34	66	pm5U
tRNA_34	67	pY
tRNA_794	17	pGm
tRNA_794	19	pD
tRNA_794	33	pcmnm5U
tRNA_794	36	xA
tRNA_794	46	pD
tRNA_794	53	pm5U
tRNA_794	54	pY
tRNA_1349	6	ps4U
tRNA_1349	31	pm5C
tRNA_1349	53	pm5U
tRNA_1349	54	pY
tRNA_600	13	pY
tRNA_600	53	pm5C
tRNA_600	56	pm1Y
tRNA_600	57	pY
tRNA_600	58	pCm
tRNA_600	59	pm1I
tRNA_756	6	pm2G
tRNA_756	10	pm2G
tRNA_756	16	pD
tRNA_756	32	xC
tRNA_756	37	pt6A
tRNA_756	39	pY
tRNA_756	46	pm7G
tRNA_756	47	pD
tRNA_756	48	pm5C
tRNA_756	54	pm5U
tRNA_756	55	pY
tRNA_756	58	pm1A
tRNA_890	8	ps4U
tRNA_890	9	ps4U
tRNA_890	13	pG+
tRNA_890	15	pG+
tRNA_890	29	pm2,2G
tRNA_890	37	pncm5U
tRNA_890	40	pm1G
tRNA_890	42	pY
tRNA_890	61	pm7G
tRNA_890	66	pY
tRNA_890	67	pY
tRNA_890	68	pCm
tRNA_890	70	pm1A
tRNA_952	47	pm7G
tRNA_952	55	pm5U
tRNA_1318	8	ps4U
tRNA_1318	29	pY
tRNA_1318	34	pms2i6A
tRNA_1318	36	pY
tRNA_1318	43	pm7G
tRNA_1318	51	pm5U
tRNA_1318	52	pY
tRNA_291	8	ps4U
tRNA_291	17	pD
tRNA_291	20	pD
tRNA_291	23	pm1A
tRNA_291	38	pt6A
tRNA_291	69	pY
tRNA_1444	8	ps4U
tRNA_1444	51	pm5U
tRNA_1444	52	pY
tRNA_406	10	pm2G
tRNA_406	13	pCm
tRNA_406	16	pD
tRNA_406	17	pD
tRNA_406	26	pm2,2G
tRNA_406	27	pY
tRNA_406	28	pY
tRNA_406	32	pCm
tRNA_406	34	pGm
tRNA_406	37	pyW
tRNA_406	39	pY
tRNA_406	46	pm7G
tRNA_406	54	pm5U
tRNA_406	55	pY
tRNA_406	58	pm1A
tRNA_406	68	pY
tRNA_249	20	pD
tRNA_249	37	pm6A
tRNA_249	46	pm7G
tRNA_249	47	pD
tRNA_249	54	pm5U
tRNA_249	55	pY
tRNA_1343	6	ps4U
tRNA_1343	31	pm5C
tRNA_1343	53	pm5U
tRNA_1343	54	pY
tRNA_807	16	pD
tRNA_807	19	pD
tRNA_807	27	pm2G
tRNA_807	33	pY
tRNA_807	38	pm1G
tRNA_807	40	pY
tRNA_807	68	pm5U
tRNA_807	69	pY
tRNA_314	17	pD
tRNA_314	46	pm7G
tRNA_314	54	pm5U
tRNA_314	55	pY
tRNA_1202	8	ps4U
tRNA_1202	33	pCm
tRNA_1202	47	pm7G
tRNA_1202	55	pm5U
tRNA_1202	56	pY
tRNA_1453	7	ps4U
tRNA_1453	29	pY
tRNA_1453	34	pms2i6A
tRNA_1453	36	pY
tRNA_1453	43	pm7G
tRNA_1453	51	pm5U
tRNA_1453	52	pY
tRNA_447	14	pY
tRNA_447	17	pD
tRNA_447	20	pD
tRNA_447	21	pD
tRNA_447	33	pY
tRNA_447	38	pm1G
tRNA_447	50	pm5C
tRNA_447	55	pY
tRNA_447	58	pm1A
tRNA_447	72	pm5C
tRNA_561	9	pm1G
tRNA_561	10	pm2G
tRNA_561	16	pD
tRNA_561	17	pGm
tRNA_561	20	pD
tRNA_561	27	pY
tRNA_561	32	pCm
tRNA_561	37	pm1G
tRNA_561	47	pD
tRNA_561	50	pY
tRNA_561	54	pm5U
tRNA_561	55	pY
tRNA_561	58	pm1A
tRNA_56	1	pY
tRNA_56	9	pm1G
tRNA_56	10	pm2G
tRNA_56	16	pD
tRNA_56	19	pD
tRNA_56	26	pm2,2G
tRNA_56	27	pY
tRNA_56	34	pI
tRNA_56	47	pD
tRNA_56	49	pm5C
tRNA_56	54	pm5U
tRNA_56	55	pY
tRNA_56	58	pm1A
tRNA_982	13	pCm
tRNA_982	17	pD
tRNA_982	20	pD
tRNA_982	46	pm7G
tRNA_982	58	pm1A
tRNA_1325	37	pms2i6A
tRNA_1325	39	pY
tRNA_423	10	pm2G
tRNA_423	14	pm1A
tRNA_423	16	pD
tRNA_423	17	pD
tRNA_423	26	pm2,2G
tRNA_423	27	pY
tRNA_423	28	pY
tRNA_423	32	pCm
tRNA_423	34	pGm
tRNA_423	37	po2yW
tRNA_423	39	pY
tRNA_423	46	pm7G
tRNA_423	47	pD
tRNA_423	49	pm5C
tRNA_423	54	pm5U
tRNA_423	55	pY
tRNA_423	58	pm1A
tRNA_673	36	pmcm5U
tRNA_673	39	pi6A
tRNA_673	68	pY
tRNA_673	71	pm1A
tRNA_433	8	ps4U
tRNA_433	20	pD
tRNA_668	36	xU
tRNA_668	39	pi6A
tRNA_668	68	pY
tRNA_668	71	pm1A
tRNA_487	8	ps4U
tRNA_487	17	pD
tRNA_487	23	pm1A
tRNA_487	35	pCm
tRNA_487	38	pms2i6A
tRNA_487	40	pY
tRNA_487	64	pm5U
tRNA_487	65	pY
tRNA_1015	1	pm5U
tRNA_1015	4	pm5U
tRNA_1015	7	pm5U
tRNA_1015	8	pm5U
tRNA_1015	9	pm1A
tRNA_1015	11	pm5U
tRNA_1015	13	pm5U
tRNA_1015	16	pm5U
tRNA_1015	19	pm5U
tRNA_1015	23	pm5U
tRNA_1015	25	pm5U
tRNA_1015	33	pm5U
tRNA_1015	35	pm5U
tRNA_1015	53	pm5U
tRNA_1015	54	pm5U
tRNA_1015	58	pm5U
tRNA_1015	59	pm5U
tRNA_399	6	pm2G
tRNA_399	8	ps4U
tRNA_399	18	pGm
tRNA_399	20	pD
tRNA_399	37	pi6A
tRNA_399	39	pY
tRNA_399	46	pm7G
tRNA_399	54	pm5U
tRNA_399	55	pY
tRNA_772	10	pm2G
tRNA_772	12	pac4C
tRNA_772	16	pD
tRNA_772	17	pGm
tRNA_772	19	pD
tRNA_772	21	pacp3U
tRNA_772	27	pm2,2G
tRNA_772	35	N
tRNA_772	38	pm1G
tRNA_772	39	pY
tRNA_772	40	pY
tRNA_772	45	pUm
tRNA_772	59	pm5C
tRNA_772	65	pm5U
tRNA_772	66	pY
tRNA_772	69	pm1A
tRNA_457	10	pm2G
tRNA_457	16	pD
tRNA_457	17	pD
tRNA_457	20	pD
tRNA_457	21	xU
tRNA_457	27	pm2,2G
tRNA_457	28	pY
tRNA_457	35	pI
tRNA_457	38	pt6A
tRNA_457	47	pm7G
tRNA_457	49	pm5C
tRNA_457	51	pm5C
tRNA_457	55	pm5U
tRNA_457	56	pY
tRNA_457	59	pm1A
tRNA_477	17	pD
tRNA_477	18	pGm
tRNA_477	20	pD
tRNA_477	38	pm6A
tRNA_477	40	pY
tRNA_477	63	pm5U
tRNA_477	64	pY
tRNA_515	20	pD
tRNA_515	38	xA
tRNA_515	41	pY
tRNA_515	47	pm7G
tRNA_515	55	pm5U
tRNA_515	56	pY
tRNA_1200	10	pm2G
tRNA_1200	16	pD
tRNA_1200	17	pD
tRNA_1200	26	pm2,2G
tRNA_1200	32	pCm
tRNA_1200	37	pms2i6A
tRNA_1200	46	pm7G
tRNA_1200	49	pm5C
tRNA_1200	54	pm5U
tRNA_1200	55	pY
tRNA_1200	58	pm1A
tRNA_557	10	pm2,2G
tRNA_557	13	pY
tRNA_557	38	pm1G
tRNA_557	49	pm5C
tRNA_557	54	pm1Y
tRNA_557	55	pY
tRNA_557	56	pCm
tRNA_557	57	pm1I
tRNA_480	15	pG+
tRNA_480	29	pm2,2G
tRNA_480	40	pm1G
tRNA_480	42	pm5C
tRNA_480	60	pm5C
tRNA_480	66	pm1Y
tRNA_480	67	pY
tRNA_480	68	pCm
tRNA_480	69	pm1I
tRNA_743	17	pGm
tRNA_743	19	pD
tRNA_743	25	pm2,2G
tRNA_743	36	pt6A
tRNA_743	45	pm7G
tRNA_743	46	pacp3U
tRNA_743	53	pm5U
tRNA_743	54	pY
tRNA_1428	7	ps4U
tRNA_1428	32	pm5C
tRNA_1428	54	pm5U
tRNA_1428	55	pY
tRNA_418	10	pm2G
tRNA_418	14	pm1A
tRNA_418	16	pD
tRNA_418	17	pD
tRNA_418	26	pm2,2G
tRNA_418	27	pY
tRNA_418	28	pY
tRNA_418	32	pCm
tRNA_418	34	pGm
tRNA_418	37	po2yW
tRNA_418	39	pY
tRNA_418	46	pm7G
tRNA_418	47	pD
tRNA_418	49	pm5C
tRNA_418	54	pm5U
tRNA_418	55	pY
tRNA_418	58	pm1A
tRNA_677	1	N
tRNA_677	2	N
tRNA_677	10	pm2G
tRNA_677	11	N
tRNA_677	12	N
tRNA_677	13	N
tRNA_677	16	pD
tRNA_677	19	N
tRNA_677	20	N
tRNA_677	22	N
tRNA_677	23	N
tRNA_677	24	N
tRNA_677	26	pm2,2G
tRNA_677	27	N
tRNA_677	29	N
tRNA_677	32	pCm
tRNA_677	37	pm6t6A
tRNA_677	43	N
tRNA_677	46	pm7G
tRNA_677	47	pD
tRNA_677	48	pm5C
tRNA_677	54	pm5U
tRNA_677	55	pY
tRNA_677	58	pm1A
tRNA_490	12	pac4C
tRNA_490	16	pD
tRNA_490	19	pD
tRNA_490	21	pD
tRNA_490	27	pm2,2G
tRNA_490	33	pY
tRNA_490	35	pI
tRNA_490	38	pm1G
tRNA_490	39	pY
tRNA_490	57	pm5C
tRNA_490	63	pm5U
tRNA_490	64	pY
tRNA_490	67	pm1A
tRNA_891	9	pm1A
tRNA_891	10	pm2G
tRNA_891	23	pm2G
tRNA_891	25	pY
tRNA_891	36	pY
tRNA_891	53	pY
tRNA_397	10	pm2G
tRNA_397	13	pY
tRNA_397	19	pD
tRNA_397	20	pY
tRNA_397	48	pm5C
tRNA_397	49	pm5C
tRNA_397	53	pm5Um
tRNA_397	54	pY
tRNA_780	9	pm1A
tRNA_780	10	pm2G
tRNA_780	19	pD
tRNA_780	26	pm2G
tRNA_780	27	pY
tRNA_780	28	pY
tRNA_780	31	pY
tRNA_780	37	pm1G
tRNA_956	34	pmo5U
tRNA_956	38	pt6A
tRNA_956	46	ps4U
tRNA_956	49	pm7G
tRNA_10	8	ps4U
tRNA_10	17	pGm
tRNA_10	19	pD
tRNA_10	31	pUm
tRNA_10	33	pcmnm5s2U
tRNA_10	36	pm2A
tRNA_10	37	pY
tRNA_10	53	pm5U
tRNA_10	54	pY
tRNA_153	14	pD
tRNA_153	18	pD
tRNA_153	30	pY
tRNA_153	31	pY
tRNA_153	64	pm5U
tRNA_153	65	pY
tRNA_5	33	ps2C
tRNA_5	35	pmnm5U
tRNA_5	38	pt6A
tRNA_5	41	pY
tRNA_5	55	pm5U
tRNA_5	56	pY
tRNA_631	8	ps4U
tRNA_631	19	pGm
tRNA_631	21	pD
tRNA_631	33	pCm
tRNA_631	47	pm7G
tRNA_631	55	pm5s2U
tRNA_631	56	pY
tRNA_631	59	pm1A
tRNA_943	8	ps4U
tRNA_943	34	pcmnm5s2U
tRNA_943	37	pt6A
tRNA_943	46	pm7G
tRNA_943	66	pm6A
tRNA_1272	10	pm2,2G
tRNA_1272	16	pD
tRNA_1272	17	pD
tRNA_1272	26	pm2,2G
tRNA_1272	32	pCm
tRNA_1272	34	pGm
tRNA_1272	37	pyyW
tRNA_1272	39	pY
tRNA_1272	40	pm5C
tRNA_1272	46	pm7G
tRNA_1272	49	pm5C
tRNA_1272	54	pm5U
tRNA_1272	55	pY
tRNA_1272	58	pm1A
tRNA_741	10	pm1A
tRNA_741	26	pY
tRNA_741	30	pY
tRNA_741	32	pQ
tRNA_741	35	pm1G
tRNA_741	36	pY
tRNA_741	52	pY
tRNA_741	55	pm1A
tRNA_1439	7	ps4U
tRNA_1439	29	pY
tRNA_1439	34	pms2i6A
tRNA_1439	36	pY
tRNA_1439	43	pm7G
tRNA_1439	51	pm5U
tRNA_1439	52	pY
tRNA_112	12	pac4C
tRNA_112	16	pD
tRNA_112	17	pGm
tRNA_112	19	pD
tRNA_112	20	pD
tRNA_112	26	pm2,2G
tRNA_112	32	pY
tRNA_112	34	pI
tRNA_112	37	pi6A
tRNA_112	39	pY
tRNA_112	44	pUm
tRNA_112	57	pm5C
tRNA_112	63	pm5U
tRNA_112	64	pY
tRNA_522	9	pm1G
tRNA_522	10	pm2G
tRNA_522	16	pD
tRNA_522	20	pD
tRNA_522	21	pacp3U
tRNA_522	27	pm2,2G
tRNA_522	28	pY
tRNA_522	29	pY
tRNA_522	35	pQ
tRNA_522	38	pt6A
tRNA_522	47	pm7G
tRNA_522	48	pD
tRNA_522	55	N
tRNA_522	56	pY
tRNA_522	59	pm1A
tRNA_843	24	pY
tRNA_843	31	pf5C
tRNA_843	46	pY
tRNA_667	36	xU
tRNA_667	39	pi6A
tRNA_667	68	pY
tRNA_667	71	pm1A
tRNA_1383	6	ps4U
tRNA_1383	31	pm5C
tRNA_1383	53	pm5U
tRNA_1383	54	pY
tRNA_629	21	pD
tRNA_629	56	pY
tRNA_629	59	pm1A
tRNA_511	9	pm1G
tRNA_511	10	pm2G
tRNA_511	16	pD
tRNA_511	17	pD
tRNA_511	21	pacp3U
tRNA_511	27	pm2,2G
tRNA_511	28	pY
tRNA_511	32	pY
tRNA_511	35	pCm
tRNA_511	38	pm6t6A
tRNA_511	40	pY
tRNA_511	47	pm7G
tRNA_511	48	pD
tRNA_511	49	pm5C
tRNA_511	55	pm5U
tRNA_511	56	pY
tRNA_511	59	pm1A
tRNA_1137	8	ps4U
tRNA_1137	16	pD
tRNA_1137	20	pD
tRNA_1137	21	pD
tRNA_1137	35	xG
tRNA_1137	38	pm2A
tRNA_1137	47	pm7G
tRNA_1137	55	pm5U
tRNA_1137	56	pY
tRNA_1137	66	pY
tRNA_711	18	pGm
tRNA_711	20	pD
tRNA_711	35	pQ
tRNA_711	38	xA
tRNA_711	48	xC
tRNA_711	55	pm5U
tRNA_711	56	pY
tRNA_194	19	pD
tRNA_194	20	pD
tRNA_194	22	pm1A
tRNA_194	34	pcmnm5s2U
tRNA_194	55	pY
tRNA_122	9	pm1G
tRNA_122	10	pm2G
tRNA_122	16	pD
tRNA_122	17	pGm
tRNA_122	19	pD
tRNA_122	25	pY
tRNA_122	26	pY
tRNA_122	27	pY
tRNA_122	31	pCm
tRNA_122	33	pCm
tRNA_122	38	pY
tRNA_122	45	pm7G
tRNA_122	46	pD
tRNA_122	53	pm5U
tRNA_122	54	pY
tRNA_122	57	pm1A
tRNA_122	64	pY
tRNA_497	10	pm2G
tRNA_497	12	pm5C
tRNA_497	16	pD
tRNA_497	19	pD
tRNA_497	21	pacp3U
tRNA_497	27	pm2,2G
tRNA_497	35	xU
tRNA_497	38	pm1G
tRNA_497	39	pY
tRNA_497	40	pY
tRNA_497	45	pUm
tRNA_497	59	pm5C
tRNA_497	65	pm5U
tRNA_497	66	pY
tRNA_497	69	pm1A
tRNA_567	13	pY
tRNA_567	15	pG+
tRNA_567	28	pm2,2G
tRNA_567	36	pac4C
tRNA_567	39	pm1G
tRNA_567	60	pm5C
tRNA_567	66	pm1Y
tRNA_567	67	pY
tRNA_567	68	pCm
tRNA_567	69	pm1I
tRNA_608	13	pY
tRNA_608	16	pD
tRNA_608	17	pGm
tRNA_608	19	pD
tRNA_608	20	pD
tRNA_608	26	pm2G
tRNA_608	27	pY
tRNA_608	34	N
tRNA_608	38	pm5C
tRNA_608	46	pm7G
tRNA_608	47	pD
tRNA_608	48	pm5C
tRNA_608	49	pm5C
tRNA_608	55	pY
tRNA_608	58	pm1A
tRNA_146	16	pD
tRNA_146	17	pD
tRNA_146	20	pD
tRNA_146	32	pY
tRNA_146	38	pt6A
tRNA_146	54	pm5U
tRNA_146	55	pY
tRNA_50	9	pm1G
tRNA_50	16	pD
tRNA_50	20	pD
tRNA_50	26	pm2,2G
tRNA_50	34	pI
tRNA_50	37	pm1I
tRNA_50	38	pY
tRNA_50	47	pD
tRNA_50	54	pm5U
tRNA_50	55	pY
tRNA_1450	6	ps4U
tRNA_1450	10	ps4U
tRNA_1450	12	pm2,2G
tRNA_1450	15	pY
tRNA_1450	17	pG+
tRNA_1450	19	pCm
tRNA_1450	30	pm2,2G
tRNA_1450	36	pCm
tRNA_1450	38	pUm
tRNA_1450	51	xX
tRNA_1450	52	pm5C
tRNA_1450	53	pm5C
tRNA_1450	58	ps2U
tRNA_1450	59	pY
tRNA_1450	60	pCm
tRNA_1450	61	pm1I
tRNA_1450	62	pm1A
tRNA_78	5	pAm
tRNA_78	14	pY
tRNA_78	17	pD
tRNA_78	18	pGm
tRNA_78	20	pD
tRNA_78	21	pD
tRNA_78	33	pY
tRNA_78	38	pm1G
tRNA_78	40	pY
tRNA_78	49	pm5C
tRNA_78	54	pm5U
tRNA_78	55	pY
tRNA_253	20	pD
tRNA_253	37	pm1G
tRNA_253	39	pY
tRNA_253	46	pm7G
tRNA_253	55	pY
tRNA_1000	32	pm3C
tRNA_1000	47	pm3C
tRNA_644	9	pm1G
tRNA_644	10	pm2G
tRNA_644	25	pm2G
tRNA_644	36	pt6A
tRNA_644	45	pm7G
tRNA_644	54	pY
tRNA_644	57	pm1A
tRNA_739	26	pY
tRNA_739	32	pY
tRNA_739	33	pY
tRNA_739	44	pY
tRNA_1213	24	pY
tRNA_1213	31	pf5C
tRNA_1213	46	pY
tRNA_395	13	pY
tRNA_395	16	pD
tRNA_395	20	pD
tRNA_395	32	pCm
tRNA_395	34	ps2U
tRNA_395	53	pm5U
tRNA_395	54	pY
tRNA_787	3	pY
tRNA_787	9	pm1A
tRNA_787	25	pm2G
tRNA_787	26	pY
tRNA_787	33	pf5C
tRNA_787	59	pY
tRNA_835	19	pGm
tRNA_835	21	pD
tRNA_835	27	pm2,2G
tRNA_835	28	pY
tRNA_835	40	pY
tRNA_835	47	pm7G
tRNA_835	48	pD
tRNA_835	55	pm5U
tRNA_835	56	pY
tRNA_612	4	pUm
tRNA_612	13	pY
tRNA_612	19	pD
tRNA_612	20	xU
tRNA_612	26	xG
tRNA_612	27	pY
tRNA_612	32	pY
tRNA_612	34	xU
tRNA_612	46	pm7G
tRNA_612	47	pD
tRNA_612	48	pm5C
tRNA_612	54	pm5U
tRNA_612	55	pY
tRNA_612	58	pm1A
tRNA_975	13	pCm
tRNA_975	17	pD
tRNA_975	37	pt6A
tRNA_975	46	pm7G
tRNA_1163	10	pm2G
tRNA_1163	16	pD
tRNA_1163	17	pD
tRNA_1163	26	pm2,2G
tRNA_1163	32	pCm
tRNA_1163	34	pGm
tRNA_1163	37	pyW
tRNA_1163	39	pY
tRNA_1163	40	pm5C
tRNA_1163	46	pm7G
tRNA_1163	49	pm5C
tRNA_1163	54	pm5U
tRNA_1163	55	pY
tRNA_1163	58	pm1A
tRNA_1406	7	ps4U
tRNA_1406	32	pm5C
tRNA_1406	54	pm5U
tRNA_1406	55	pY
tRNA_1264	8	pm1G
tRNA_1264	9	pm2,2G
tRNA_1264	15	pD
tRNA_1264	18	pD
tRNA_1264	25	pm2,2G
tRNA_1264	26	pY
tRNA_1264	33	pI
tRNA_1264	46	pD
tRNA_1264	48	pm5C
tRNA_1264	53	pm5U
tRNA_1264	54	pY
tRNA_1264	57	pm1A
tRNA_1265	8	pm1G
tRNA_1265	9	pm2,2G
tRNA_1265	15	pD
tRNA_1265	18	pD
tRNA_1265	25	pm2,2G
tRNA_1265	26	pY
tRNA_1265	33	pI
tRNA_1265	46	pD
tRNA_1265	48	pm5C
tRNA_1265	53	pm5U
tRNA_1265	54	pY
tRNA_1265	57	pm1A
tRNA_551	9	pm1G
tRNA_551	13	pY
tRNA_551	16	pD
tRNA_551	17	pGm
tRNA_551	19	pD
tRNA_551	20	pD
tRNA_551	28	pY
tRNA_551	32	pCm
tRNA_551	34	pUm
tRNA_551	39	pY
tRNA_551	48	pm5C
tRNA_551	49	pm5C
tRNA_551	53	pY
tRNA_551	54	pY
tRNA_551	57	pm1A
tRNA_12	13	pY
tRNA_12	35	pmnm5s2U
tRNA_12	38	pm2A
tRNA_12	54	pm5U
tRNA_12	55	pY
tRNA_716	9	pm1A
tRNA_716	10	pm2G
tRNA_716	25	pY
tRNA_716	30	pY
tRNA_716	32	pQ
tRNA_716	52	pY
tRNA_182	8	ps4U
tRNA_182	20	pD
tRNA_182	37	pt6A
tRNA_182	46	pm7G
tRNA_182	55	pY
tRNA_510	9	pm1G
tRNA_510	10	pm2G
tRNA_510	16	pD
tRNA_510	17	pD
tRNA_510	21	pacp3U
tRNA_510	27	pm2,2G
tRNA_510	28	pY
tRNA_510	32	pY
tRNA_510	35	pCm
tRNA_510	38	pm6t6A
tRNA_510	40	pY
tRNA_510	47	pm7G
tRNA_510	48	pD
tRNA_510	49	pm5C
tRNA_510	55	pm5U
tRNA_510	56	pY
tRNA_510	59	pm1A
tRNA_829	10	pm2G
tRNA_829	19	pD
tRNA_829	33	pcmnm5U
tRNA_829	36	pi6A
tRNA_829	39	pY
tRNA_419	11	pm2G
tRNA_419	15	pm1A
tRNA_419	17	pD
tRNA_419	18	pD
tRNA_419	27	pm2,2G
tRNA_419	28	pY
tRNA_419	29	pY
tRNA_419	33	pCm
tRNA_419	35	pGm
tRNA_419	38	pm1G
tRNA_419	40	pY
tRNA_419	47	pm7G
tRNA_419	50	pm5C
tRNA_419	55	pm5U
tRNA_419	56	pY
tRNA_419	59	pm1A
tRNA_985	5	pm1G
tRNA_985	33	pCm
tRNA_985	38	pms2io6A
tRNA_540	8	ps4U
tRNA_540	16	pD
tRNA_540	17	pD
tRNA_540	20	pD
tRNA_540	34	xU
tRNA_540	37	pm2A
tRNA_540	39	pY
tRNA_540	54	pm5U
tRNA_540	55	pY
tRNA_22	16	pD
tRNA_22	17	pD
tRNA_22	18	pGm
tRNA_22	20	pD
tRNA_22	38	pm1G
tRNA_22	39	pY
tRNA_22	65	pm5U
tRNA_22	66	pY
tRNA_128	10	pm2G
tRNA_128	13	pY
tRNA_128	20	pD
tRNA_128	26	pm2G
tRNA_128	27	pY
tRNA_128	28	pY
tRNA_128	32	pY
tRNA_128	46	pm7G
tRNA_128	47	pD
tRNA_128	49	pm5C
tRNA_128	54	pm5U
tRNA_128	55	pY
tRNA_128	58	pm1A
tRNA_238	8	ps4U
tRNA_238	17	pD
tRNA_238	23	pm1A
tRNA_238	38	pm1G
tRNA_238	40	pY
tRNA_238	63	pY
tRNA_367	25	pm2,2G
tRNA_367	48	pm5C
tRNA_367	53	pm1Y
tRNA_367	54	pY
tRNA_367	55	pCm
tRNA_367	56	pm1I
tRNA_918	5	pm1G
tRNA_918	19	pD
tRNA_405	9	xG
tRNA_405	10	pm2G
tRNA_405	13	pY
tRNA_405	16	pD
tRNA_405	17	pD
tRNA_405	25	pY
tRNA_405	26	pm2G
tRNA_405	32	pCm
tRNA_405	34	pGm
tRNA_405	37	pyW
tRNA_405	39	pY
tRNA_405	46	pm7G
tRNA_405	47	xU
tRNA_405	54	pm5U
tRNA_405	55	pY
tRNA_647	9	pm1G
tRNA_647	10	pm2G
tRNA_647	25	pm2G
tRNA_647	36	pt6A
tRNA_647	45	pm7G
tRNA_647	46	pD
tRNA_647	47	pm5C
tRNA_647	57	pm1A
tRNA_1196	10	pm2G
tRNA_1196	16	pD
tRNA_1196	17	pD
tRNA_1196	26	pm2,2G
tRNA_1196	32	pY
tRNA_1196	37	pm1G
tRNA_1196	46	pm7G
tRNA_1196	49	pm5C
tRNA_1196	54	pm5U
tRNA_1196	55	pY
tRNA_1196	58	pm1A
tRNA_1211	9	pm1A
tRNA_1211	10	pm2G
tRNA_1211	25	pY
tRNA_1211	36	pY
tRNA_1211	37	pY
tRNA_563	9	pm1G
tRNA_563	16	pD
tRNA_563	20	pD
tRNA_563	27	pY
tRNA_563	28	pY
tRNA_563	32	pm3C
tRNA_563	34	pmcm5s2U
tRNA_563	36	pY
tRNA_563	37	pt6A
tRNA_563	40	pY
tRNA_563	46	pm7G
tRNA_563	47	pD
tRNA_563	49	pm5C
tRNA_563	54	pm5U
tRNA_563	55	pY
tRNA_563	58	pm1A
tRNA_569	13	pY
tRNA_569	15	pG+
tRNA_569	28	pm2,2G
tRNA_569	36	pac4C
tRNA_569	41	pY
tRNA_569	60	pm5C
tRNA_569	66	pm1Y
tRNA_569	67	pY
tRNA_569	68	pCm
tRNA_569	69	pm1I
tRNA_947	33	pUm
tRNA_947	38	pio6A
tRNA_947	70	pm1A
tRNA_947	71	pm1A
tRNA_542	9	N
tRNA_542	10	pm2,2G
tRNA_542	13	pY
tRNA_542	38	pm1G
tRNA_542	54	pY
tRNA_542	55	pY
tRNA_542	56	pCm
tRNA_786	17	pGm
tRNA_786	19	pD
tRNA_786	20	pD
tRNA_786	27	pY
tRNA_786	31	pY
tRNA_786	37	pm6A
tRNA_786	46	pm7G
tRNA_786	47	pacp3U
tRNA_786	54	pm5U
tRNA_786	55	pY
tRNA_792	19	pD
tRNA_792	25	pm2G
tRNA_792	31	pY
tRNA_792	36	pm1G
tRNA_792	53	pm5U
tRNA_792	54	pY
tRNA_383	13	pY
tRNA_383	19	pD
tRNA_383	34	pmanQ
tRNA_383	38	pm5C
tRNA_383	47	pm5C
tRNA_383	48	pm5C
tRNA_383	53	pm5U
tRNA_383	54	pY
tRNA_1186	10	pm2G
tRNA_1186	16	pD
tRNA_1186	17	pD
tRNA_1186	26	pm2,2G
tRNA_1186	32	pCm
tRNA_1186	34	pGm
tRNA_1186	37	pyW
tRNA_1186	39	pY
tRNA_1186	40	pm5C
tRNA_1186	46	pm7G
tRNA_1186	49	pm5C
tRNA_1186	54	pm5U
tRNA_1186	55	pY
tRNA_1186	58	pm1A
tRNA_1270	15	pD
tRNA_1270	16	pD
tRNA_1270	19	pD
tRNA_1270	36	pm6t6A
tRNA_1270	45	pm7G
tRNA_1270	53	pm5U
tRNA_1270	54	pY
